"Origem","Destino","Grupo","Criterio","Estado"
"C:\Users\Eudes\Downloads\PDFs\_STVM_103051_001015768_2047646_2021920.pdf_.pdf","C:\Users\Eudes\Downloads\PDFs\03 Finanças\Bolsa - notas e operações\_STVM_103051_001015768_2047646_2021920.pdf_.pdf","03 Finanças\Bolsa - notas e operações","Operações e notas de investimentos","Movido"
"C:\Users\Eudes\Downloads\PDFs\'Reflexão sobre Pai Nosso Matutino.pdf.pdf","C:\Users\Eudes\Downloads\PDFs\08 Religião e leituras\Bíblia teologia e reflexões\'Reflexão sobre Pai Nosso Matutino.pdf.pdf","08 Religião e leituras\Bíblia teologia e reflexões","Material religioso","Movido"
"C:\Users\Eudes\Downloads\PDFs\001015768_20230223_20230227_SPOT.pdf","C:\Users\Eudes\Downloads\PDFs\03 Finanças\Bolsa - notas e operações\001015768_20230223_20230227_SPOT.pdf","03 Finanças\Bolsa - notas e operações","Operações e notas de investimentos","Movido"
"C:\Users\Eudes\Downloads\PDFs\001015768_PROVENTOS_PAGOS_2021.pdf","C:\Users\Eudes\Downloads\PDFs\03 Finanças\Bolsa - posições e relatórios\001015768_PROVENTOS_PAGOS_2021.pdf","03 Finanças\Bolsa - posições e relatórios","Posições e relatórios financeiros","Movido"
"C:\Users\Eudes\Downloads\PDFs\001015768_SPOT_FORWARD_20210906_N017572578.pdf","C:\Users\Eudes\Downloads\PDFs\03 Finanças\Bolsa - notas e operações\001015768_SPOT_FORWARD_20210906_N017572578.pdf","03 Finanças\Bolsa - notas e operações","Operações e notas de investimentos","Movido"
"C:\Users\Eudes\Downloads\PDFs\02 FEV LIVROS.pdf","C:\Users\Eudes\Downloads\PDFs\08 Religião e leituras\Livros e desenvolvimento pessoal\02 FEV LIVROS.pdf","08 Religião e leituras\Livros e desenvolvimento pessoal","Leitura e desenvolvimento pessoal","Movido"
"C:\Users\Eudes\Downloads\PDFs\02_CS_Sign_14-09-2023_14.29_assinado.pdf","C:\Users\Eudes\Downloads\PDFs\99 Revisar conteúdo\Nomes genéricos e códigos\02_CS_Sign_14-09-2023_14.29_assinado.pdf","99 Revisar conteúdo\Nomes genéricos e códigos","Não é possível inferir o assunto pelo nome","Movido"
"C:\Users\Eudes\Downloads\PDFs\0803319-79.2019.8.20.5001_100153653.pdf","C:\Users\Eudes\Downloads\PDFs\05 Jurídico\Contratos processos e procurações\0803319-79.2019.8.20.5001_100153653.pdf","05 Jurídico\Contratos processos e procurações","Documento jurídico; preservar para análise","Movido"
"C:\Users\Eudes\Downloads\PDFs\0846611-17.2019.8.20.5001 ALVARÁ Nº NT - JFP04-1570-2021 - EUDES DE FREITAS.pdf","C:\Users\Eudes\Downloads\PDFs\05 Jurídico\Contratos processos e procurações\0846611-17.2019.8.20.5001 ALVARÁ Nº NT - JFP04-1570-2021 - EUDES DE FREITAS.pdf","05 Jurídico\Contratos processos e procurações","Documento jurídico; preservar para análise","Movido"
"C:\Users\Eudes\Downloads\PDFs\0846611-17.2019.8.20.5001-ExtratoDemonstrativoCalculo - 2 meses.pdf","C:\Users\Eudes\Downloads\PDFs\03 Finanças\Extratos comprovantes e demonstrativos\0846611-17.2019.8.20.5001-ExtratoDemonstrativoCalculo - 2 meses.pdf","03 Finanças\Extratos comprovantes e demonstrativos","Finalidade ou obrigação financeira não confirmada; revisar conteúdo","Movido"
"C:\Users\Eudes\Downloads\PDFs\1.pdf","C:\Users\Eudes\Downloads\PDFs\99 Revisar conteúdo\Nomes genéricos e códigos\1.pdf","99 Revisar conteúdo\Nomes genéricos e códigos","Não é possível inferir o assunto pelo nome","Movido"
"C:\Users\Eudes\Downloads\PDFs\1065-3353-1-PB.pdf","C:\Users\Eudes\Downloads\PDFs\07 Estudos\Artigos e publicações - identificar tema\1065-3353-1-PB.pdf","07 Estudos\Artigos e publicações - identificar tema","Publicação cujo assunto não está claro no nome","Movido"
"C:\Users\Eudes\Downloads\PDFs\1080445125 (1).pdf","C:\Users\Eudes\Downloads\PDFs\99 Revisar conteúdo\Nomes genéricos e códigos\1080445125 (1).pdf","99 Revisar conteúdo\Nomes genéricos e códigos","Não é possível inferir o assunto pelo nome","Movido"
"C:\Users\Eudes\Downloads\PDFs\1080445125.pdf","C:\Users\Eudes\Downloads\PDFs\99 Revisar conteúdo\Nomes genéricos e códigos\1080445125.pdf","99 Revisar conteúdo\Nomes genéricos e códigos","Não é possível inferir o assunto pelo nome","Movido"
"C:\Users\Eudes\Downloads\PDFs\1300-Texto do Artigo-3289-4637-10-20180827.pdf","C:\Users\Eudes\Downloads\PDFs\07 Estudos\Artigos e publicações - identificar tema\1300-Texto do Artigo-3289-4637-10-20180827.pdf","07 Estudos\Artigos e publicações - identificar tema","Publicação cujo assunto não está claro no nome","Movido"
"C:\Users\Eudes\Downloads\PDFs\14+-+Revista+da+ENIT+-+376-431.pdf","C:\Users\Eudes\Downloads\PDFs\07 Estudos\Artigos e publicações - identificar tema\14+-+Revista+da+ENIT+-+376-431.pdf","07 Estudos\Artigos e publicações - identificar tema","Publicação ou estudo","Movido"
"C:\Users\Eudes\Downloads\PDFs\1503-5522-1-PB.pdf","C:\Users\Eudes\Downloads\PDFs\07 Estudos\Artigos e publicações - identificar tema\1503-5522-1-PB.pdf","07 Estudos\Artigos e publicações - identificar tema","Publicação cujo assunto não está claro no nome","Movido"
"C:\Users\Eudes\Downloads\PDFs\16_anuario_2022.pdf","C:\Users\Eudes\Downloads\PDFs\07 Estudos\Artigos e publicações - identificar tema\16_anuario_2022.pdf","07 Estudos\Artigos e publicações - identificar tema","Publicação cujo assunto não está claro no nome","Movido"
"C:\Users\Eudes\Downloads\PDFs\16073689_20_09_2025_10_13_25.pdf","C:\Users\Eudes\Downloads\PDFs\99 Revisar conteúdo\Nomes genéricos e códigos\16073689_20_09_2025_10_13_25.pdf","99 Revisar conteúdo\Nomes genéricos e códigos","Não é possível inferir o assunto pelo nome","Movido"
"C:\Users\Eudes\Downloads\PDFs\16073693_20_09_2025_10_15_58.PDF","C:\Users\Eudes\Downloads\PDFs\99 Revisar conteúdo\Nomes genéricos e códigos\16073693_20_09_2025_10_15_58.PDF","99 Revisar conteúdo\Nomes genéricos e códigos","Não é possível inferir o assunto pelo nome","Movido"
"C:\Users\Eudes\Downloads\PDFs\16073699_20_09_2025_10_15_42.PDF","C:\Users\Eudes\Downloads\PDFs\99 Revisar conteúdo\Nomes genéricos e códigos\16073699_20_09_2025_10_15_42.PDF","99 Revisar conteúdo\Nomes genéricos e códigos","Não é possível inferir o assunto pelo nome","Movido"
"C:\Users\Eudes\Downloads\PDFs\16073701_20_09_2025_10_16_19.pdf","C:\Users\Eudes\Downloads\PDFs\99 Revisar conteúdo\Nomes genéricos e códigos\16073701_20_09_2025_10_16_19.pdf","99 Revisar conteúdo\Nomes genéricos e códigos","Não é possível inferir o assunto pelo nome","Movido"
"C:\Users\Eudes\Downloads\PDFs\1637661858548_1_4951984463497134515.pdf","C:\Users\Eudes\Downloads\PDFs\99 Revisar conteúdo\Nomes genéricos e códigos\1637661858548_1_4951984463497134515.pdf","99 Revisar conteúdo\Nomes genéricos e códigos","Não é possível inferir o assunto pelo nome","Movido"
"C:\Users\Eudes\Downloads\PDFs\17_anuario_2023.pdf","C:\Users\Eudes\Downloads\PDFs\07 Estudos\Artigos e publicações - identificar tema\17_anuario_2023.pdf","07 Estudos\Artigos e publicações - identificar tema","Publicação cujo assunto não está claro no nome","Movido"
"C:\Users\Eudes\Downloads\PDFs\2-mesclado.pdf","C:\Users\Eudes\Downloads\PDFs\99 Revisar conteúdo\Nomes genéricos e códigos\2-mesclado.pdf","99 Revisar conteúdo\Nomes genéricos e códigos","Não é possível inferir o assunto pelo nome","Movido"
"C:\Users\Eudes\Downloads\PDFs\20111-Texto do artigo-48628-1-10-20170825.pdf","C:\Users\Eudes\Downloads\PDFs\07 Estudos\Artigos e publicações - identificar tema\20111-Texto do artigo-48628-1-10-20170825.pdf","07 Estudos\Artigos e publicações - identificar tema","Publicação cujo assunto não está claro no nome","Movido"
"C:\Users\Eudes\Downloads\PDFs\2020.2_Roteiro_para_elaborao_de_exame_avaliativo_individual.pdf","C:\Users\Eudes\Downloads\PDFs\07 Estudos\Aulas atividades e formulários\2020.2_Roteiro_para_elaborao_de_exame_avaliativo_individual.pdf","07 Estudos\Aulas atividades e formulários","Material de curso ou atividade","Movido"
"C:\Users\Eudes\Downloads\PDFs\2135-Texto do artigo-8417-1-10-20190501.pdf","C:\Users\Eudes\Downloads\PDFs\07 Estudos\Artigos e publicações - identificar tema\2135-Texto do artigo-8417-1-10-20190501.pdf","07 Estudos\Artigos e publicações - identificar tema","Publicação cujo assunto não está claro no nome","Movido"
"C:\Users\Eudes\Downloads\PDFs\21893-40249-1-PB.pdf","C:\Users\Eudes\Downloads\PDFs\07 Estudos\Artigos e publicações - identificar tema\21893-40249-1-PB.pdf","07 Estudos\Artigos e publicações - identificar tema","Publicação cujo assunto não está claro no nome","Movido"
"C:\Users\Eudes\Downloads\PDFs\221-79-PB.pdf","C:\Users\Eudes\Downloads\PDFs\07 Estudos\Artigos e publicações - identificar tema\221-79-PB.pdf","07 Estudos\Artigos e publicações - identificar tema","Publicação cujo assunto não está claro no nome","Movido"
"C:\Users\Eudes\Downloads\PDFs\3-13-20-3-10-20170915.pdf","C:\Users\Eudes\Downloads\PDFs\99 Revisar conteúdo\Nomes genéricos e códigos\3-13-20-3-10-20170915.pdf","99 Revisar conteúdo\Nomes genéricos e códigos","Não é possível inferir o assunto pelo nome","Movido"
"C:\Users\Eudes\Downloads\PDFs\32. Eudes de Freitas Alves de Jesus.pdf","C:\Users\Eudes\Downloads\PDFs\99 Revisar conteúdo\Nomes genéricos e códigos\32. Eudes de Freitas Alves de Jesus.pdf","99 Revisar conteúdo\Nomes genéricos e códigos","Não é possível inferir o assunto pelo nome","Movido"
"C:\Users\Eudes\Downloads\PDFs\48409-Texto do artigo-751375190044-1-10-20200214.pdf","C:\Users\Eudes\Downloads\PDFs\07 Estudos\Artigos e publicações - identificar tema\48409-Texto do artigo-751375190044-1-10-20200214.pdf","07 Estudos\Artigos e publicações - identificar tema","Publicação cujo assunto não está claro no nome","Movido"
"C:\Users\Eudes\Downloads\PDFs\53728-Texto do artigo-67469-1-10-20130416.pdf","C:\Users\Eudes\Downloads\PDFs\07 Estudos\Artigos e publicações - identificar tema\53728-Texto do artigo-67469-1-10-20130416.pdf","07 Estudos\Artigos e publicações - identificar tema","Publicação cujo assunto não está claro no nome","Movido"
"C:\Users\Eudes\Downloads\PDFs\55615-Texto do Artigo-207750-2-10-20190101.pdf","C:\Users\Eudes\Downloads\PDFs\07 Estudos\Artigos e publicações - identificar tema\55615-Texto do Artigo-207750-2-10-20190101.pdf","07 Estudos\Artigos e publicações - identificar tema","Publicação cujo assunto não está claro no nome","Movido"
"C:\Users\Eudes\Downloads\PDFs\5E717F3DDF (2).pdf","C:\Users\Eudes\Downloads\PDFs\99 Revisar conteúdo\Nomes genéricos e códigos\5E717F3DDF (2).pdf","99 Revisar conteúdo\Nomes genéricos e códigos","Não é possível inferir o assunto pelo nome","Movido"
"C:\Users\Eudes\Downloads\PDFs\7+igrejas+de+apocalipse-01.jpg (971×1120).pdf","C:\Users\Eudes\Downloads\PDFs\08 Religião e leituras\Bíblia teologia e reflexões\7+igrejas+de+apocalipse-01.jpg (971×1120).pdf","08 Religião e leituras\Bíblia teologia e reflexões","Material religioso","Movido"
"C:\Users\Eudes\Downloads\PDFs\758-2438-1-PB.pdf","C:\Users\Eudes\Downloads\PDFs\07 Estudos\Artigos e publicações - identificar tema\758-2438-1-PB.pdf","07 Estudos\Artigos e publicações - identificar tema","Publicação cujo assunto não está claro no nome","Movido"
"C:\Users\Eudes\Downloads\PDFs\77247-Texto do Artigo-289459-2-10-20210219.pdf","C:\Users\Eudes\Downloads\PDFs\07 Estudos\Artigos e publicações - identificar tema\77247-Texto do Artigo-289459-2-10-20210219.pdf","07 Estudos\Artigos e publicações - identificar tema","Publicação cujo assunto não está claro no nome","Movido"
"C:\Users\Eudes\Downloads\PDFs\81002F36-3935-4508-A5B3-2BCBE13B435B.pdf","C:\Users\Eudes\Downloads\PDFs\99 Revisar conteúdo\Nomes genéricos e códigos\81002F36-3935-4508-A5B3-2BCBE13B435B.pdf","99 Revisar conteúdo\Nomes genéricos e códigos","Não é possível inferir o assunto pelo nome","Movido"
"C:\Users\Eudes\Downloads\PDFs\82-Texto do Artigo-250-1-10-20170401.pdf","C:\Users\Eudes\Downloads\PDFs\07 Estudos\Artigos e publicações - identificar tema\82-Texto do Artigo-250-1-10-20170401.pdf","07 Estudos\Artigos e publicações - identificar tema","Publicação cujo assunto não está claro no nome","Movido"
"C:\Users\Eudes\Downloads\PDFs\82919348434-2022-Anual.pdf","C:\Users\Eudes\Downloads\PDFs\03 Finanças\Bolsa - posições e relatórios\82919348434-2022-Anual.pdf","03 Finanças\Bolsa - posições e relatórios","Posições e relatórios financeiros","Movido"
"C:\Users\Eudes\Downloads\PDFs\82919348434-2023-Anual.pdf","C:\Users\Eudes\Downloads\PDFs\03 Finanças\Bolsa - posições e relatórios\82919348434-2023-Anual.pdf","03 Finanças\Bolsa - posições e relatórios","Posições e relatórios financeiros","Movido"
"C:\Users\Eudes\Downloads\PDFs\82919348434-2023-Custodia (2).pdf","C:\Users\Eudes\Downloads\PDFs\03 Finanças\Bolsa - posições e relatórios\82919348434-2023-Custodia (2).pdf","03 Finanças\Bolsa - posições e relatórios","Posições e relatórios financeiros","Movido"
"C:\Users\Eudes\Downloads\PDFs\82919348434-2023-Custodia.pdf","C:\Users\Eudes\Downloads\PDFs\03 Finanças\Bolsa - posições e relatórios\82919348434-2023-Custodia.pdf","03 Finanças\Bolsa - posições e relatórios","Posições e relatórios financeiros","Movido"
"C:\Users\Eudes\Downloads\PDFs\82919348434-2023-Operacoes.pdf","C:\Users\Eudes\Downloads\PDFs\03 Finanças\Bolsa - posições e relatórios\82919348434-2023-Operacoes.pdf","03 Finanças\Bolsa - posições e relatórios","Posições e relatórios financeiros","Movido"
"C:\Users\Eudes\Downloads\PDFs\82919348434-2023-Proventos.pdf","C:\Users\Eudes\Downloads\PDFs\03 Finanças\Bolsa - posições e relatórios\82919348434-2023-Proventos.pdf","03 Finanças\Bolsa - posições e relatórios","Posições e relatórios financeiros","Movido"
"C:\Users\Eudes\Downloads\PDFs\82919348434-IRPF-A-2022-2021-DEC.pdf","C:\Users\Eudes\Downloads\PDFs\03 Finanças\Imposto de renda e rendimentos\82919348434-IRPF-A-2022-2021-DEC.pdf","03 Finanças\Imposto de renda e rendimentos","Documento fiscal; nome não basta para sugerir descarte","Movido"
"C:\Users\Eudes\Downloads\PDFs\82919348434-IRPF-A-2022-2021-ORIGI (convert.io).pdf","C:\Users\Eudes\Downloads\PDFs\03 Finanças\Imposto de renda e rendimentos\82919348434-IRPF-A-2022-2021-ORIGI (convert.io).pdf","03 Finanças\Imposto de renda e rendimentos","Documento fiscal; nome não basta para sugerir descarte","Movido"
"C:\Users\Eudes\Downloads\PDFs\82919348434-IRPF-A-2023-2022-DEC (1).pdf","C:\Users\Eudes\Downloads\PDFs\03 Finanças\Imposto de renda e rendimentos\82919348434-IRPF-A-2023-2022-DEC (1).pdf","03 Finanças\Imposto de renda e rendimentos","Documento fiscal; nome não basta para sugerir descarte","Movido"
"C:\Users\Eudes\Downloads\PDFs\82919348434-IRPF-A-2023-2022-DEC.pdf","C:\Users\Eudes\Downloads\PDFs\03 Finanças\Imposto de renda e rendimentos\82919348434-IRPF-A-2023-2022-DEC.pdf","03 Finanças\Imposto de renda e rendimentos","Documento fiscal; nome não basta para sugerir descarte","Movido"
"C:\Users\Eudes\Downloads\PDFs\82919348434-IRPF-A-2023-2022-REC.pdf","C:\Users\Eudes\Downloads\PDFs\03 Finanças\Imposto de renda e rendimentos\82919348434-IRPF-A-2023-2022-REC.pdf","03 Finanças\Imposto de renda e rendimentos","Documento fiscal; nome não basta para sugerir descarte","Movido"
"C:\Users\Eudes\Downloads\PDFs\82919348434-IRPF-D-2024-0211-31-05-2024-08.pdf","C:\Users\Eudes\Downloads\PDFs\03 Finanças\Imposto de renda e rendimentos\82919348434-IRPF-D-2024-0211-31-05-2024-08.pdf","03 Finanças\Imposto de renda e rendimentos","Documento fiscal; nome não basta para sugerir descarte","Movido"
"C:\Users\Eudes\Downloads\PDFs\9E02A1BA-8BBE-4096-BBE2-DADAAEAFCBB8.PDF","C:\Users\Eudes\Downloads\PDFs\99 Revisar conteúdo\Nomes genéricos e códigos\9E02A1BA-8BBE-4096-BBE2-DADAAEAFCBB8.PDF","99 Revisar conteúdo\Nomes genéricos e códigos","Não é possível inferir o assunto pelo nome","Movido"
"C:\Users\Eudes\Downloads\PDFs\A evolução dA teoriA institucionAl nos estudos orgAnizAcionAis.pdf","C:\Users\Eudes\Downloads\PDFs\07 Estudos\Gestão organizações e inovação\A evolução dA teoriA institucionAl nos estudos orgAnizAcionAis.pdf","07 Estudos\Gestão organizações e inovação","Tema de gestão e organizações","Movido"
"C:\Users\Eudes\Downloads\PDFs\A Framework for Knowledge Models Transformation_ A Step Towards Knowledge Integration and Warehousing.pdf","C:\Users\Eudes\Downloads\PDFs\07 Estudos\Gestão do conhecimento\A Framework for Knowledge Models Transformation_ A Step Towards Knowledge Integration and Warehousing.pdf","07 Estudos\Gestão do conhecimento","Tema de gestão do conhecimento","Movido"
"C:\Users\Eudes\Downloads\PDFs\AccountStatement571759.pdf","C:\Users\Eudes\Downloads\PDFs\03 Finanças\Bolsa - posições e relatórios\AccountStatement571759.pdf","03 Finanças\Bolsa - posições e relatórios","Posições e relatórios financeiros","Movido"
"C:\Users\Eudes\Downloads\PDFs\actionMappings.pdf","C:\Users\Eudes\Downloads\PDFs\99 Revisar conteúdo\Assunto a confirmar\actionMappings.pdf","99 Revisar conteúdo\Assunto a confirmar","Nome insuficiente para classificação segura","Movido"
"C:\Users\Eudes\Downloads\PDFs\admin,+12.pdf","C:\Users\Eudes\Downloads\PDFs\07 Estudos\Artigos e publicações - identificar tema\admin,+12.pdf","07 Estudos\Artigos e publicações - identificar tema","Publicação cujo assunto não está claro no nome","Movido"
"C:\Users\Eudes\Downloads\PDFs\Adt ao BG nº 101, de 02-08-2022 - CFO Projeto Pedagógico.pdf","C:\Users\Eudes\Downloads\PDFs\09 Trabalho\Legislação editais e boletins\Adt ao BG nº 101, de 02-08-2022 - CFO Projeto Pedagógico.pdf","09 Trabalho\Legislação editais e boletins","Norma ou publicação administrativa","Movido"
"C:\Users\Eudes\Downloads\PDFs\Alegações Finais_TGT Informática.pdf","C:\Users\Eudes\Downloads\PDFs\05 Jurídico\Contratos processos e procurações\Alegações Finais_TGT Informática.pdf","05 Jurídico\Contratos processos e procurações","Documento jurídico; preservar para análise","Movido"
"C:\Users\Eudes\Downloads\PDFs\Amil OUT21.pdf","C:\Users\Eudes\Downloads\PDFs\02 Saúde\Planos de saúde e contratos\Amil OUT21.pdf","02 Saúde\Planos de saúde e contratos","Plano de saúde ou contrato","Movido"
"C:\Users\Eudes\Downloads\PDFs\Análise do discurso e análise de conteúdo (estudo preliminar UFRN).pdf","C:\Users\Eudes\Downloads\PDFs\07 Estudos\Linguagem e análise do discurso\Análise do discurso e análise de conteúdo (estudo preliminar UFRN).pdf","07 Estudos\Linguagem e análise do discurso","Tema de linguagem e análise","Movido"
"C:\Users\Eudes\Downloads\PDFs\Análise do discurso e análise de conteúdo.pdf","C:\Users\Eudes\Downloads\PDFs\07 Estudos\Linguagem e análise do discurso\Análise do discurso e análise de conteúdo.pdf","07 Estudos\Linguagem e análise do discurso","Tema de linguagem e análise","Movido"
"C:\Users\Eudes\Downloads\PDFs\Analise_Tomografia_Face_Eudes_2025_com_Imagens.pdf","C:\Users\Eudes\Downloads\PDFs\02 Saúde\Exames e análises\Analise_Tomografia_Face_Eudes_2025_com_Imagens.pdf","02 Saúde\Exames e análises","Histórico de saúde","Movido"
"C:\Users\Eudes\Downloads\PDFs\Analise_Tomografia_Face_Eudes_2025.pdf","C:\Users\Eudes\Downloads\PDFs\02 Saúde\Exames e análises\Analise_Tomografia_Face_Eudes_2025.pdf","02 Saúde\Exames e análises","Histórico de saúde","Movido"
"C:\Users\Eudes\Downloads\PDFs\Anexo II - Quadro de Trabalho Semanal.pdf","C:\Users\Eudes\Downloads\PDFs\09 Trabalho\Escalas e quadros de trabalho\Anexo II - Quadro de Trabalho Semanal.pdf","09 Trabalho\Escalas e quadros de trabalho","Quadro de trabalho","Movido"
"C:\Users\Eudes\Downloads\PDFs\Anexo_15703777_Flyer.pdf","C:\Users\Eudes\Downloads\PDFs\99 Revisar conteúdo\Assunto a confirmar\Anexo_15703777_Flyer.pdf","99 Revisar conteúdo\Assunto a confirmar","Nome insuficiente para classificação segura","Movido"
"C:\Users\Eudes\Downloads\PDFs\Anne - Módulo 1 Aula 2.pdf","C:\Users\Eudes\Downloads\PDFs\07 Estudos\Aulas atividades e formulários\Anne - Módulo 1 Aula 2.pdf","07 Estudos\Aulas atividades e formulários","Material de curso ou atividade","Movido"
"C:\Users\Eudes\Downloads\PDFs\Apres_1ª Reunião SETORES_19mai23.pdf","C:\Users\Eudes\Downloads\PDFs\09 Trabalho\Planejamento orçamento e projetos\Apres_1ª Reunião SETORES_19mai23.pdf","09 Trabalho\Planejamento orçamento e projetos","Plano ou reunião de trabalho","Movido"
"C:\Users\Eudes\Downloads\PDFs\Apres_Fundo a Fundo_30jun20_COORD SESED.pdf","C:\Users\Eudes\Downloads\PDFs\09 Trabalho\Planejamento orçamento e projetos\Apres_Fundo a Fundo_30jun20_COORD SESED.pdf","09 Trabalho\Planejamento orçamento e projetos","Planejamento e projetos","Movido"
"C:\Users\Eudes\Downloads\PDFs\Apresentação 1T20 PORT.pdf","C:\Users\Eudes\Downloads\PDFs\03 Finanças\Análises e informes de mercado\Apresentação 1T20 PORT.pdf","03 Finanças\Análises e informes de mercado","Informação de mercado de período específico","Movido"
"C:\Users\Eudes\Downloads\PDFs\Apresentação 3T20 PORT.pdf","C:\Users\Eudes\Downloads\PDFs\03 Finanças\Análises e informes de mercado\Apresentação 3T20 PORT.pdf","03 Finanças\Análises e informes de mercado","Informação de mercado de período específico","Movido"
"C:\Users\Eudes\Downloads\PDFs\APRESENTAÇÃO REFLEXÕES CICLO COMPLETO DE POLÍCIA.pdf","C:\Users\Eudes\Downloads\PDFs\07 Estudos\Ciências policiais e segurança pública\APRESENTAÇÃO REFLEXÕES CICLO COMPLETO DE POLÍCIA.pdf","07 Estudos\Ciências policiais e segurança pública","Estudos de segurança pública","Movido"
"C:\Users\Eudes\Downloads\PDFs\Apresentação Teoria Institucional.pptx.pdf","C:\Users\Eudes\Downloads\PDFs\07 Estudos\Gestão organizações e inovação\Apresentação Teoria Institucional.pptx.pdf","07 Estudos\Gestão organizações e inovação","Tema de gestão e organizações","Movido"
"C:\Users\Eudes\Downloads\PDFs\Artigo Final V 1.0.pdf","C:\Users\Eudes\Downloads\PDFs\07 Estudos\TCC e metodologia científica\Sugestão de descarte\Artigo Final V 1.0.pdf","07 Estudos\TCC e metodologia científica\Sugestão de descarte","Possível versão anterior: existe Artigo Final V 2.0; comparar antes de excluir","Movido"
"C:\Users\Eudes\Downloads\PDFs\Artigo Final V 2.0.pdf","C:\Users\Eudes\Downloads\PDFs\07 Estudos\Artigos e publicações - identificar tema\Artigo Final V 2.0.pdf","07 Estudos\Artigos e publicações - identificar tema","Publicação cujo assunto não está claro no nome","Movido"
"C:\Users\Eudes\Downloads\PDFs\ARTIGO TCC - CIOSP - Cap Mario Conte.pdf","C:\Users\Eudes\Downloads\PDFs\07 Estudos\TCC e metodologia científica\ARTIGO TCC - CIOSP - Cap Mario Conte.pdf","07 Estudos\TCC e metodologia científica","Pesquisa e trabalho acadêmico","Movido"
"C:\Users\Eudes\Downloads\PDFs\Aula 6_26out2021_Kleber _Curso Extensão Corpo de Bombeiros.pdf","C:\Users\Eudes\Downloads\PDFs\07 Estudos\Aulas atividades e formulários\Aula 6_26out2021_Kleber _Curso Extensão Corpo de Bombeiros.pdf","07 Estudos\Aulas atividades e formulários","Material de curso ou atividade","Movido"
"C:\Users\Eudes\Downloads\PDFs\AV_U3_Simulacao_decisao_03_hora_de_decidir.pdf","C:\Users\Eudes\Downloads\PDFs\07 Estudos\Aulas atividades e formulários\AV_U3_Simulacao_decisao_03_hora_de_decidir.pdf","07 Estudos\Aulas atividades e formulários","Atividade de curso","Movido"
"C:\Users\Eudes\Downloads\PDFs\Avaliação U3 PPPS.pdf","C:\Users\Eudes\Downloads\PDFs\07 Estudos\Aulas atividades e formulários\Avaliação U3 PPPS.pdf","07 Estudos\Aulas atividades e formulários","Material de curso ou atividade","Movido"
"C:\Users\Eudes\Downloads\PDFs\Avaliao_UNIDADE_3_1.pdf","C:\Users\Eudes\Downloads\PDFs\07 Estudos\Aulas atividades e formulários\Avaliao_UNIDADE_3_1.pdf","07 Estudos\Aulas atividades e formulários","Material de curso ou atividade","Movido"
"C:\Users\Eudes\Downloads\PDFs\Banco do Brasil estrado de parcelas pagas até JAN 22.pdf","C:\Users\Eudes\Downloads\PDFs\03 Finanças\Extratos comprovantes e demonstrativos\Banco do Brasil estrado de parcelas pagas até JAN 22.pdf","03 Finanças\Extratos comprovantes e demonstrativos","Finalidade ou obrigação financeira não confirmada; revisar conteúdo","Movido"
"C:\Users\Eudes\Downloads\PDFs\BG nº 164, de 25 de agosto de 2021.pdf","C:\Users\Eudes\Downloads\PDFs\09 Trabalho\Legislação editais e boletins\BG nº 164, de 25 de agosto de 2021.pdf","09 Trabalho\Legislação editais e boletins","Norma ou publicação administrativa","Movido"
"C:\Users\Eudes\Downloads\PDFs\BI DP Nº 084, de 06 de maio de 2024 - Elogio para o Major Freitas.pdf","C:\Users\Eudes\Downloads\PDFs\09 Trabalho\Legislação editais e boletins\BI DP Nº 084, de 06 de maio de 2024 - Elogio para o Major Freitas.pdf","09 Trabalho\Legislação editais e boletins","Norma ou publicação administrativa","Movido"
"C:\Users\Eudes\Downloads\PDFs\Binance-Deposit History Report-2025-1-2-16-51.pdf","C:\Users\Eudes\Downloads\PDFs\03 Finanças\Criptomoedas - extratos e histórico\Binance-Deposit History Report-2025-1-2-16-51.pdf","03 Finanças\Criptomoedas - extratos e histórico","Histórico de investimentos","Movido"
"C:\Users\Eudes\Downloads\PDFs\Binance-Deposit History Report-2025-1-2-16-52.pdf","C:\Users\Eudes\Downloads\PDFs\03 Finanças\Criptomoedas - extratos e histórico\Binance-Deposit History Report-2025-1-2-16-52.pdf","03 Finanças\Criptomoedas - extratos e histórico","Histórico de investimentos","Movido"
"C:\Users\Eudes\Downloads\PDFs\Binance-Deposit History Report-2025-1-2-16-53.pdf","C:\Users\Eudes\Downloads\PDFs\03 Finanças\Criptomoedas - extratos e histórico\Binance-Deposit History Report-2025-1-2-16-53.pdf","03 Finanças\Criptomoedas - extratos e histórico","Histórico de investimentos","Movido"
"C:\Users\Eudes\Downloads\PDFs\Binance-Deposit History Report-2025-1-2-16-54.pdf","C:\Users\Eudes\Downloads\PDFs\03 Finanças\Criptomoedas - extratos e histórico\Binance-Deposit History Report-2025-1-2-16-54.pdf","03 Finanças\Criptomoedas - extratos e histórico","Histórico de investimentos","Movido"
"C:\Users\Eudes\Downloads\PDFs\Binance-Deposit History Report-2025-1-2-16-55.pdf","C:\Users\Eudes\Downloads\PDFs\03 Finanças\Criptomoedas - extratos e histórico\Binance-Deposit History Report-2025-1-2-16-55.pdf","03 Finanças\Criptomoedas - extratos e histórico","Histórico de investimentos","Movido"
"C:\Users\Eudes\Downloads\PDFs\Boletim Geral n° 182, de 30 de setembro de 2022.pdf","C:\Users\Eudes\Downloads\PDFs\09 Trabalho\Legislação editais e boletins\Boletim Geral n° 182, de 30 de setembro de 2022.pdf","09 Trabalho\Legislação editais e boletins","Norma ou publicação administrativa","Movido"
"C:\Users\Eudes\Downloads\PDFs\Boleto_1630062199502.pdf","C:\Users\Eudes\Downloads\PDFs\03 Finanças\Boletos faturas impostos e notas\Boleto_1630062199502.pdf","03 Finanças\Boletos faturas impostos e notas","Cobrança ou documento fiscal; conferir conteúdo","Movido"
"C:\Users\Eudes\Downloads\PDFs\Boleto_4899231032021_203634766.pdf","C:\Users\Eudes\Downloads\PDFs\03 Finanças\Boletos faturas impostos e notas\Boleto_4899231032021_203634766.pdf","03 Finanças\Boletos faturas impostos e notas","Cobrança ou documento fiscal; conferir conteúdo","Movido"
"C:\Users\Eudes\Downloads\PDFs\Boleto_eFaturamento_29_05_2024 18_21_36.pdf","C:\Users\Eudes\Downloads\PDFs\03 Finanças\Boletos faturas impostos e notas\Boleto_eFaturamento_29_05_2024 18_21_36.pdf","03 Finanças\Boletos faturas impostos e notas","Cobrança ou documento fiscal; conferir conteúdo","Movido"
"C:\Users\Eudes\Downloads\PDFs\Brown and Beige Elegant Watercolor Floral Wedding Menu (1).pdf","C:\Users\Eudes\Downloads\PDFs\01 Pessoal\Casamento e cerimônia\Brown and Beige Elegant Watercolor Floral Wedding Menu (1).pdf","01 Pessoal\Casamento e cerimônia","Material de casamento ou cerimônia","Movido"
"C:\Users\Eudes\Downloads\PDFs\Cadin Federal.pdf","C:\Users\Eudes\Downloads\PDFs\03 Finanças\Consultas cadastrais\Cadin Federal.pdf","03 Finanças\Consultas cadastrais","Consulta cadastral financeira","Movido"
"C:\Users\Eudes\Downloads\PDFs\CADIN.pdf","C:\Users\Eudes\Downloads\PDFs\03 Finanças\Consultas cadastrais\CADIN.pdf","03 Finanças\Consultas cadastrais","Consulta cadastral financeira","Movido"
"C:\Users\Eudes\Downloads\PDFs\calendário CSP colorido em pdf.pdf","C:\Users\Eudes\Downloads\PDFs\07 Estudos\Agendas e grupos de cursos\Sugestão de descarte\calendário CSP colorido em pdf.pdf","07 Estudos\Agendas e grupos de cursos\Sugestão de descarte","Agenda ou distribuição de turma: conferir se o curso terminou","Movido"
"C:\Users\Eudes\Downloads\PDFs\CamScanner 03-17-2023 12.01.pdf","C:\Users\Eudes\Downloads\PDFs\99 Revisar conteúdo\Digitalizações sem assunto no nome\CamScanner 03-17-2023 12.01.pdf","99 Revisar conteúdo\Digitalizações sem assunto no nome","Não é possível inferir o assunto pelo nome","Movido"
"C:\Users\Eudes\Downloads\PDFs\CamScanner 07-08-2023 21.28.pdf","C:\Users\Eudes\Downloads\PDFs\99 Revisar conteúdo\Digitalizações sem assunto no nome\CamScanner 07-08-2023 21.28.pdf","99 Revisar conteúdo\Digitalizações sem assunto no nome","Não é possível inferir o assunto pelo nome","Movido"
"C:\Users\Eudes\Downloads\PDFs\CamScanner 11-05-2026 07.43.pdf","C:\Users\Eudes\Downloads\PDFs\99 Revisar conteúdo\Digitalizações sem assunto no nome\CamScanner 11-05-2026 07.43.pdf","99 Revisar conteúdo\Digitalizações sem assunto no nome","Não é possível inferir o assunto pelo nome","Movido"
"C:\Users\Eudes\Downloads\PDFs\CamScanner 12-23-2021 14.12.pdf","C:\Users\Eudes\Downloads\PDFs\99 Revisar conteúdo\Digitalizações sem assunto no nome\CamScanner 12-23-2021 14.12.pdf","99 Revisar conteúdo\Digitalizações sem assunto no nome","Não é possível inferir o assunto pelo nome","Movido"
"C:\Users\Eudes\Downloads\PDFs\CamScanner 28-08-2026 18.40.pdf","C:\Users\Eudes\Downloads\PDFs\99 Revisar conteúdo\Digitalizações sem assunto no nome\CamScanner 28-08-2026 18.40.pdf","99 Revisar conteúdo\Digitalizações sem assunto no nome","Não é possível inferir o assunto pelo nome","Movido"
"C:\Users\Eudes\Downloads\PDFs\Canva de CSP Sala de Descompressão (1).pdf","C:\Users\Eudes\Downloads\PDFs\07 Estudos\Qualidade de vida e saúde no trabalho\Canva de CSP Sala de Descompressão (1).pdf","07 Estudos\Qualidade de vida e saúde no trabalho","Material sobre qualidade de vida no trabalho","Movido"
"C:\Users\Eudes\Downloads\PDFs\Canva de CSP Sala de Descompressão (2) (1).pdf","C:\Users\Eudes\Downloads\PDFs\07 Estudos\Qualidade de vida e saúde no trabalho\Canva de CSP Sala de Descompressão (2) (1).pdf","07 Estudos\Qualidade de vida e saúde no trabalho","Material sobre qualidade de vida no trabalho","Movido"
"C:\Users\Eudes\Downloads\PDFs\Canva de CSP Sala de Descompressão.pdf","C:\Users\Eudes\Downloads\PDFs\07 Estudos\Qualidade de vida e saúde no trabalho\Canva de CSP Sala de Descompressão.pdf","07 Estudos\Qualidade de vida e saúde no trabalho","Material sobre qualidade de vida no trabalho","Movido"
"C:\Users\Eudes\Downloads\PDFs\CAP 8 Certificado_Publicado_Submissão_240308769.pdf CAP 8 P.87 QVT.pdf","C:\Users\Eudes\Downloads\PDFs\07 Estudos\Qualidade de vida e saúde no trabalho\CAP 8 Certificado_Publicado_Submissão_240308769.pdf CAP 8 P.87 QVT.pdf","07 Estudos\Qualidade de vida e saúde no trabalho","Material sobre qualidade de vida no trabalho","Movido"
"C:\Users\Eudes\Downloads\PDFs\CAPITULO 8 ARTIGO SOBRE QVT NA PMRN  P. 87.pdf","C:\Users\Eudes\Downloads\PDFs\07 Estudos\Qualidade de vida e saúde no trabalho\CAPITULO 8 ARTIGO SOBRE QVT NA PMRN  P. 87.pdf","07 Estudos\Qualidade de vida e saúde no trabalho","Tema de qualidade de vida no trabalho","Movido"
"C:\Users\Eudes\Downloads\PDFs\Carnê - Eudes de Freitas Alves de Jesus.pdf","C:\Users\Eudes\Downloads\PDFs\03 Finanças\Boletos faturas impostos e notas\Carnê - Eudes de Freitas Alves de Jesus.pdf","03 Finanças\Boletos faturas impostos e notas","Cobrança ou documento fiscal; conferir conteúdo","Movido"
"C:\Users\Eudes\Downloads\PDFs\Carnê do IPTU 22.pdf","C:\Users\Eudes\Downloads\PDFs\03 Finanças\Boletos faturas impostos e notas\Carnê do IPTU 22.pdf","03 Finanças\Boletos faturas impostos e notas","Cobrança ou documento fiscal; conferir conteúdo","Movido"
"C:\Users\Eudes\Downloads\PDFs\Carta de aceitação de orientando - Eudes (1).pdf","C:\Users\Eudes\Downloads\PDFs\07 Estudos\TCC e metodologia científica\Carta de aceitação de orientando - Eudes (1).pdf","07 Estudos\TCC e metodologia científica","Pesquisa e trabalho acadêmico","Movido"
"C:\Users\Eudes\Downloads\PDFs\Case_CIOSP_RN_PORT.pdf","C:\Users\Eudes\Downloads\PDFs\09 Trabalho\CIOSP SESED e pessoal\Case_CIOSP_RN_PORT.pdf","09 Trabalho\CIOSP SESED e pessoal","Organização e atividade institucional","Movido"
"C:\Users\Eudes\Downloads\PDFs\CASO_PARA_ENSINO_-_ORAMENTO_EMPRESARIAL.pdf","C:\Users\Eudes\Downloads\PDFs\07 Estudos\Aulas atividades e formulários\CASO_PARA_ENSINO_-_ORAMENTO_EMPRESARIAL.pdf","07 Estudos\Aulas atividades e formulários","Material de curso ou atividade","Movido"
"C:\Users\Eudes\Downloads\PDFs\cbc,+XVIICongresso_artigo_0131.pdf","C:\Users\Eudes\Downloads\PDFs\07 Estudos\Artigos e publicações - identificar tema\cbc,+XVIICongresso_artigo_0131.pdf","07 Estudos\Artigos e publicações - identificar tema","Publicação cujo assunto não está claro no nome","Movido"
"C:\Users\Eudes\Downloads\PDFs\CC05DBF3-FB90-43C4-A43A-9E4068CF0ECC.PDF","C:\Users\Eudes\Downloads\PDFs\99 Revisar conteúdo\Nomes genéricos e códigos\CC05DBF3-FB90-43C4-A43A-9E4068CF0ECC.PDF","99 Revisar conteúdo\Nomes genéricos e códigos","Não é possível inferir o assunto pelo nome","Movido"
"C:\Users\Eudes\Downloads\PDFs\Certidão - Justiça Estadual.pdf","C:\Users\Eudes\Downloads\PDFs\01 Pessoal\Certidões para cadastros\Sugestão de descarte\Certidão - Justiça Estadual.pdf","01 Pessoal\Certidões para cadastros\Sugestão de descarte","Certidão para finalidade pontual: conferir validade e necessidade antes de excluir","Movido"
"C:\Users\Eudes\Downloads\PDFs\Certidão - TJRN.pdf","C:\Users\Eudes\Downloads\PDFs\01 Pessoal\Certidões para cadastros\Sugestão de descarte\Certidão - TJRN.pdf","01 Pessoal\Certidões para cadastros\Sugestão de descarte","Certidão para finalidade pontual: conferir validade e necessidade antes de excluir","Movido"
"C:\Users\Eudes\Downloads\PDFs\Certidao Corregedoria Neta.pdf","C:\Users\Eudes\Downloads\PDFs\01 Pessoal\Certidões para cadastros\Sugestão de descarte\Certidao Corregedoria Neta.pdf","01 Pessoal\Certidões para cadastros\Sugestão de descarte","Certidão para finalidade pontual: conferir validade e necessidade antes de excluir","Movido"
"C:\Users\Eudes\Downloads\PDFs\Certidão Corregedoria.pdf","C:\Users\Eudes\Downloads\PDFs\01 Pessoal\Certidões para cadastros\Sugestão de descarte\Certidão Corregedoria.pdf","01 Pessoal\Certidões para cadastros\Sugestão de descarte","Certidão para finalidade pontual: conferir validade e necessidade antes de excluir","Movido"
"C:\Users\Eudes\Downloads\PDFs\certidão de casamento Freitas Neta.pdf","C:\Users\Eudes\Downloads\PDFs\01 Pessoal\Certificados diplomas e certidões permanentes\certidão de casamento Freitas Neta.pdf","01 Pessoal\Certificados diplomas e certidões permanentes","Documento pessoal ou comprovação de formação; preservar para análise","Movido"
"C:\Users\Eudes\Downloads\PDFs\certidão de Casamento Jesus.pdf","C:\Users\Eudes\Downloads\PDFs\01 Pessoal\Certificados diplomas e certidões permanentes\certidão de Casamento Jesus.pdf","01 Pessoal\Certificados diplomas e certidões permanentes","Documento pessoal ou comprovação de formação; preservar para análise","Movido"
"C:\Users\Eudes\Downloads\PDFs\Certidão de casamento.pdf","C:\Users\Eudes\Downloads\PDFs\01 Pessoal\Certificados diplomas e certidões permanentes\Certidão de casamento.pdf","01 Pessoal\Certificados diplomas e certidões permanentes","Documento pessoal ou comprovação de formação; preservar para análise","Movido"
"C:\Users\Eudes\Downloads\PDFs\Certidão de Tempo de Serviço.pdf","C:\Users\Eudes\Downloads\PDFs\01 Pessoal\Certificados diplomas e certidões permanentes\Certidão de Tempo de Serviço.pdf","01 Pessoal\Certificados diplomas e certidões permanentes","Documento pessoal ou comprovação de formação; preservar para análise","Movido"
"C:\Users\Eudes\Downloads\PDFs\Certidão Estadual_Maj Freitas.pdf","C:\Users\Eudes\Downloads\PDFs\01 Pessoal\Certidões para cadastros\Sugestão de descarte\Certidão Estadual_Maj Freitas.pdf","01 Pessoal\Certidões para cadastros\Sugestão de descarte","Certidão para finalidade pontual: conferir validade e necessidade antes de excluir","Movido"
"C:\Users\Eudes\Downloads\PDFs\certidao Justiça Federal.pdf","C:\Users\Eudes\Downloads\PDFs\01 Pessoal\Certidões para cadastros\Sugestão de descarte\certidao Justiça Federal.pdf","01 Pessoal\Certidões para cadastros\Sugestão de descarte","Certidão para finalidade pontual: conferir validade e necessidade antes de excluir","Movido"
"C:\Users\Eudes\Downloads\PDFs\Certidao Justiça militar da União.pdf","C:\Users\Eudes\Downloads\PDFs\01 Pessoal\Certidões para cadastros\Sugestão de descarte\Certidao Justiça militar da União.pdf","01 Pessoal\Certidões para cadastros\Sugestão de descarte","Certidão para finalidade pontual: conferir validade e necessidade antes de excluir","Movido"
"C:\Users\Eudes\Downloads\PDFs\Certidão Negativa Criminal da Justiça Federal.pdf","C:\Users\Eudes\Downloads\PDFs\01 Pessoal\Certidões para cadastros\Sugestão de descarte\Certidão Negativa Criminal da Justiça Federal.pdf","01 Pessoal\Certidões para cadastros\Sugestão de descarte","Certidão para finalidade pontual: conferir validade e necessidade antes de excluir","Movido"
"C:\Users\Eudes\Downloads\PDFs\Certidão Negativa de Antecedentes Criminais da Just Fed.pdf","C:\Users\Eudes\Downloads\PDFs\01 Pessoal\Certidões para cadastros\Sugestão de descarte\Certidão Negativa de Antecedentes Criminais da Just Fed.pdf","01 Pessoal\Certidões para cadastros\Sugestão de descarte","Certidão para finalidade pontual: conferir validade e necessidade antes de excluir","Movido"
"C:\Users\Eudes\Downloads\PDFs\certidao_82919348434.pdf","C:\Users\Eudes\Downloads\PDFs\01 Pessoal\Certificados diplomas e certidões permanentes\certidao_82919348434.pdf","01 Pessoal\Certificados diplomas e certidões permanentes","Documento pessoal ou comprovação de formação; preservar para análise","Movido"
"C:\Users\Eudes\Downloads\PDFs\certidao_Trabalhista_MAJ Freitas.pdf","C:\Users\Eudes\Downloads\PDFs\01 Pessoal\Certidões para cadastros\Sugestão de descarte\certidao_Trabalhista_MAJ Freitas.pdf","01 Pessoal\Certidões para cadastros\Sugestão de descarte","Certidão para finalidade pontual: conferir validade e necessidade antes de excluir","Movido"
"C:\Users\Eudes\Downloads\PDFs\Certidao-82919348434.pdf","C:\Users\Eudes\Downloads\PDFs\01 Pessoal\Certificados diplomas e certidões permanentes\Certidao-82919348434.pdf","01 Pessoal\Certificados diplomas e certidões permanentes","Documento pessoal ou comprovação de formação; preservar para análise","Movido"
"C:\Users\Eudes\Downloads\PDFs\Certidao-Federal_Maj Freitas.pdf","C:\Users\Eudes\Downloads\PDFs\01 Pessoal\Certidões para cadastros\Sugestão de descarte\Certidao-Federal_Maj Freitas.pdf","01 Pessoal\Certidões para cadastros\Sugestão de descarte","Certidão para finalidade pontual: conferir validade e necessidade antes de excluir","Movido"
"C:\Users\Eudes\Downloads\PDFs\certidaoconjunta.pdf","C:\Users\Eudes\Downloads\PDFs\01 Pessoal\Certidões para cadastros\Sugestão de descarte\certidaoconjunta.pdf","01 Pessoal\Certidões para cadastros\Sugestão de descarte","Certidão para finalidade pontual: conferir validade e necessidade antes de excluir","Movido"
"C:\Users\Eudes\Downloads\PDFs\certidaonegativacriminal JF NETA.pdf","C:\Users\Eudes\Downloads\PDFs\01 Pessoal\Certidões para cadastros\Sugestão de descarte\certidaonegativacriminal JF NETA.pdf","01 Pessoal\Certidões para cadastros\Sugestão de descarte","Certidão para finalidade pontual: conferir validade e necessidade antes de excluir","Movido"
"C:\Users\Eudes\Downloads\PDFs\certidaonegativacriminal.pdf","C:\Users\Eudes\Downloads\PDFs\01 Pessoal\Certidões para cadastros\Sugestão de descarte\certidaonegativacriminal.pdf","01 Pessoal\Certidões para cadastros\Sugestão de descarte","Certidão para finalidade pontual: conferir validade e necessidade antes de excluir","Movido"
"C:\Users\Eudes\Downloads\PDFs\Certificado - MÉTODO CIS - INTELIGÊNCIA EMOCIONAL.pdf","C:\Users\Eudes\Downloads\PDFs\01 Pessoal\Certificados diplomas e certidões permanentes\Certificado - MÉTODO CIS - INTELIGÊNCIA EMOCIONAL.pdf","01 Pessoal\Certificados diplomas e certidões permanentes","Documento pessoal ou comprovação de formação; preservar para análise","Movido"
"C:\Users\Eudes\Downloads\PDFs\Certificado CSP.pdf","C:\Users\Eudes\Downloads\PDFs\01 Pessoal\Certificados diplomas e certidões permanentes\Certificado CSP.pdf","01 Pessoal\Certificados diplomas e certidões permanentes","Documento pessoal ou comprovação de formação; preservar para análise","Movido"
"C:\Users\Eudes\Downloads\PDFs\CHACARAS HENDERSON IMPRESSÃO-Layout1.pdf","C:\Users\Eudes\Downloads\PDFs\04 Veículos e imóveis\Imóveis e vistorias\CHACARAS HENDERSON IMPRESSÃO-Layout1.pdf","04 Veículos e imóveis\Imóveis e vistorias","Documento relacionado a imóvel ou vistoria","Movido"
"C:\Users\Eudes\Downloads\PDFs\Cheremeta proposta do QWLQ Bref.pdf","C:\Users\Eudes\Downloads\PDFs\07 Estudos\Qualidade de vida e saúde no trabalho\Cheremeta proposta do QWLQ Bref.pdf","07 Estudos\Qualidade de vida e saúde no trabalho","Tema de qualidade de vida no trabalho","Movido"
"C:\Users\Eudes\Downloads\PDFs\CIOSP.pdf","C:\Users\Eudes\Downloads\PDFs\09 Trabalho\CIOSP SESED e pessoal\CIOSP.pdf","09 Trabalho\CIOSP SESED e pessoal","Organização e atividade institucional","Movido"
"C:\Users\Eudes\Downloads\PDFs\CLEAN - PLANO DIVINO - SEM COMENTÁRIOS.pdf","C:\Users\Eudes\Downloads\PDFs\08 Religião e leituras\Bíblia teologia e reflexões\CLEAN - PLANO DIVINO - SEM COMENTÁRIOS.pdf","08 Religião e leituras\Bíblia teologia e reflexões","Material religioso","Movido"
"C:\Users\Eudes\Downloads\PDFs\CNH Digital.pdf","C:\Users\Eudes\Downloads\PDFs\01 Pessoal\Identificação\CNH Digital.pdf","01 Pessoal\Identificação","Documento de identificação","Movido"
"C:\Users\Eudes\Downloads\PDFs\CNH_EUDFRT.pdf","C:\Users\Eudes\Downloads\PDFs\01 Pessoal\Identificação\CNH_EUDFRT.pdf","01 Pessoal\Identificação","Documento de identificação","Movido"
"C:\Users\Eudes\Downloads\PDFs\CNH-e.pdf","C:\Users\Eudes\Downloads\PDFs\01 Pessoal\Identificação\CNH-e.pdf","01 Pessoal\Identificação","Documento de identificação","Movido"
"C:\Users\Eudes\Downloads\PDFs\CNH-e.pdf.pdf","C:\Users\Eudes\Downloads\PDFs\01 Pessoal\Identificação\CNH-e.pdf.pdf","01 Pessoal\Identificação","Documento de identificação","Movido"
"C:\Users\Eudes\Downloads\PDFs\CNH-Neta.pdf","C:\Users\Eudes\Downloads\PDFs\01 Pessoal\Identificação\CNH-Neta.pdf","01 Pessoal\Identificação","Documento de identificação","Movido"
"C:\Users\Eudes\Downloads\PDFs\COB_202191738.pdf","C:\Users\Eudes\Downloads\PDFs\03 Finanças\Extratos comprovantes e demonstrativos\COB_202191738.pdf","03 Finanças\Extratos comprovantes e demonstrativos","Finalidade ou obrigação financeira não confirmada; revisar conteúdo","Movido"
"C:\Users\Eudes\Downloads\PDFs\CockpitCripto_Relatorio_Anual_2026_2026-05-02.pdf","C:\Users\Eudes\Downloads\PDFs\03 Finanças\Criptomoedas - extratos e histórico\CockpitCripto_Relatorio_Anual_2026_2026-05-02.pdf","03 Finanças\Criptomoedas - extratos e histórico","Histórico de investimentos","Movido"
"C:\Users\Eudes\Downloads\PDFs\CockpitCripto_Relatorio_Anual_2026-03-13.pdf","C:\Users\Eudes\Downloads\PDFs\03 Finanças\Criptomoedas - extratos e histórico\CockpitCripto_Relatorio_Anual_2026-03-13.pdf","03 Finanças\Criptomoedas - extratos e histórico","Histórico de investimentos","Movido"
"C:\Users\Eudes\Downloads\PDFs\CockpitCripto_Relatorio_Mensal_2026-03-13.pdf","C:\Users\Eudes\Downloads\PDFs\03 Finanças\Criptomoedas - extratos e histórico\CockpitCripto_Relatorio_Mensal_2026-03-13.pdf","03 Finanças\Criptomoedas - extratos e histórico","Histórico de investimentos","Movido"
"C:\Users\Eudes\Downloads\PDFs\Como elaborar projetos de pesquisa by Antonio Carlos Gil (z-lib.org).pdf","C:\Users\Eudes\Downloads\PDFs\07 Estudos\TCC e metodologia científica\Como elaborar projetos de pesquisa by Antonio Carlos Gil (z-lib.org).pdf","07 Estudos\TCC e metodologia científica","Pesquisa e trabalho acadêmico","Movido"
"C:\Users\Eudes\Downloads\PDFs\Comparação.pdf","C:\Users\Eudes\Downloads\PDFs\99 Revisar conteúdo\Assunto a confirmar\Comparação.pdf","99 Revisar conteúdo\Assunto a confirmar","Nome insuficiente para classificação segura","Movido"
"C:\Users\Eudes\Downloads\PDFs\Comparativo_Exames_Eudes_2024-2025_com_Referencia.pdf","C:\Users\Eudes\Downloads\PDFs\02 Saúde\Exames e análises\Comparativo_Exames_Eudes_2024-2025_com_Referencia.pdf","02 Saúde\Exames e análises","Histórico de saúde","Movido"
"C:\Users\Eudes\Downloads\PDFs\Comparativo_Exames_Eudes_2024-2025.pdf","C:\Users\Eudes\Downloads\PDFs\02 Saúde\Exames e análises\Comparativo_Exames_Eudes_2024-2025.pdf","02 Saúde\Exames e análises","Histórico de saúde","Movido"
"C:\Users\Eudes\Downloads\PDFs\comprovante (1).pdf","C:\Users\Eudes\Downloads\PDFs\03 Finanças\Extratos comprovantes e demonstrativos\comprovante (1).pdf","03 Finanças\Extratos comprovantes e demonstrativos","Finalidade ou obrigação financeira não confirmada; revisar conteúdo","Movido"
"C:\Users\Eudes\Downloads\PDFs\Comprovante agosto 2023.pdf","C:\Users\Eudes\Downloads\PDFs\03 Finanças\Extratos comprovantes e demonstrativos\Comprovante agosto 2023.pdf","03 Finanças\Extratos comprovantes e demonstrativos","Finalidade ou obrigação financeira não confirmada; revisar conteúdo","Movido"
"C:\Users\Eudes\Downloads\PDFs\comprovante binace.pdf","C:\Users\Eudes\Downloads\PDFs\03 Finanças\Criptomoedas - extratos e histórico\comprovante binace.pdf","03 Finanças\Criptomoedas - extratos e histórico","Histórico de investimentos","Movido"
"C:\Users\Eudes\Downloads\PDFs\Comprovante de rendimentos_13-08-2024_154328.pdf","C:\Users\Eudes\Downloads\PDFs\03 Finanças\Imposto de renda e rendimentos\Comprovante de rendimentos_13-08-2024_154328.pdf","03 Finanças\Imposto de renda e rendimentos","Documento fiscal; nome não basta para sugerir descarte","Movido"
"C:\Users\Eudes\Downloads\PDFs\Comprovante de residência - José Augusto Filho Vidal.pdf","C:\Users\Eudes\Downloads\PDFs\01 Pessoal\Residência\Sugestão de descarte\Comprovante de residência - José Augusto Filho Vidal.pdf","01 Pessoal\Residência\Sugestão de descarte","Comprovante de endereço: revisar se ainda tem utilidade; validade não conferida","Movido"
"C:\Users\Eudes\Downloads\PDFs\comprovante de residência Jesus.pdf","C:\Users\Eudes\Downloads\PDFs\01 Pessoal\Residência\Sugestão de descarte\comprovante de residência Jesus.pdf","01 Pessoal\Residência\Sugestão de descarte","Comprovante de endereço: revisar se ainda tem utilidade; validade não conferida","Movido"
"C:\Users\Eudes\Downloads\PDFs\Comprovante de Situação Cadastral no CPF.pdf","C:\Users\Eudes\Downloads\PDFs\01 Pessoal\Identificação\Comprovante de Situação Cadastral no CPF.pdf","01 Pessoal\Identificação","Documento de identificação","Movido"
"C:\Users\Eudes\Downloads\PDFs\Comprovante outubro 2023.pdf","C:\Users\Eudes\Downloads\PDFs\03 Finanças\Extratos comprovantes e demonstrativos\Comprovante outubro 2023.pdf","03 Finanças\Extratos comprovantes e demonstrativos","Finalidade ou obrigação financeira não confirmada; revisar conteúdo","Movido"
"C:\Users\Eudes\Downloads\PDFs\Comprovante setembro 2023.pdf","C:\Users\Eudes\Downloads\PDFs\03 Finanças\Extratos comprovantes e demonstrativos\Comprovante setembro 2023.pdf","03 Finanças\Extratos comprovantes e demonstrativos","Finalidade ou obrigação financeira não confirmada; revisar conteúdo","Movido"
"C:\Users\Eudes\Downloads\PDFs\Comprovante_09-06-2026_115642.pdf","C:\Users\Eudes\Downloads\PDFs\03 Finanças\Extratos comprovantes e demonstrativos\Comprovante_09-06-2026_115642.pdf","03 Finanças\Extratos comprovantes e demonstrativos","Finalidade ou obrigação financeira não confirmada; revisar conteúdo","Movido"
"C:\Users\Eudes\Downloads\PDFs\comprovante_inscricao Design Thinking.pdf","C:\Users\Eudes\Downloads\PDFs\07 Estudos\Inscrições e cadastros\comprovante_inscricao Design Thinking.pdf","07 Estudos\Inscrições e cadastros","Inscrição ou cadastro; finalidade ainda a conferir","Movido"
"C:\Users\Eudes\Downloads\PDFs\comprovante_inscricao.pdf","C:\Users\Eudes\Downloads\PDFs\07 Estudos\Inscrições e cadastros\comprovante_inscricao.pdf","07 Estudos\Inscrições e cadastros","Inscrição ou cadastro; finalidade ainda a conferir","Movido"
"C:\Users\Eudes\Downloads\PDFs\Comprovante.pdf","C:\Users\Eudes\Downloads\PDFs\03 Finanças\Extratos comprovantes e demonstrativos\Comprovante.pdf","03 Finanças\Extratos comprovantes e demonstrativos","Finalidade ou obrigação financeira não confirmada; revisar conteúdo","Movido"
"C:\Users\Eudes\Downloads\PDFs\comprovante2023-01-27_075912.pdf","C:\Users\Eudes\Downloads\PDFs\03 Finanças\Extratos comprovantes e demonstrativos\comprovante2023-01-27_075912.pdf","03 Finanças\Extratos comprovantes e demonstrativos","Finalidade ou obrigação financeira não confirmada; revisar conteúdo","Movido"
"C:\Users\Eudes\Downloads\PDFs\Constel-Tabela-Gemini-MAR-2026_compressed.pdf","C:\Users\Eudes\Downloads\PDFs\06 Viagens e eventos\Cotações e ofertas\Sugestão de descarte\Constel-Tabela-Gemini-MAR-2026_compressed.pdf","06 Viagens e eventos\Cotações e ofertas\Sugestão de descarte","Cotação ou oferta: conferir se ainda está em uso","Movido"
"C:\Users\Eudes\Downloads\PDFs\consulta_cidadao_1757450309689.pdf","C:\Users\Eudes\Downloads\PDFs\99 Revisar conteúdo\Assunto a confirmar\consulta_cidadao_1757450309689.pdf","99 Revisar conteúdo\Assunto a confirmar","Nome insuficiente para classificação segura","Movido"
"C:\Users\Eudes\Downloads\PDFs\Contrato assinado - Eudes de Freitas Alves de Jesus.pdf","C:\Users\Eudes\Downloads\PDFs\05 Jurídico\Contratos processos e procurações\Contrato assinado - Eudes de Freitas Alves de Jesus.pdf","05 Jurídico\Contratos processos e procurações","Documento jurídico; preservar para análise","Movido"
"C:\Users\Eudes\Downloads\PDFs\Contrato Novo Vita 2025_26.pdf","C:\Users\Eudes\Downloads\PDFs\02 Saúde\Planos de saúde e contratos\Contrato Novo Vita 2025_26.pdf","02 Saúde\Planos de saúde e contratos","Plano de saúde ou contrato","Movido"
"C:\Users\Eudes\Downloads\PDFs\CONTRATO PIOR ANO 2022.pdf","C:\Users\Eudes\Downloads\PDFs\05 Jurídico\Contratos processos e procurações\CONTRATO PIOR ANO 2022.pdf","05 Jurídico\Contratos processos e procurações","Documento jurídico; preservar para análise","Movido"
"C:\Users\Eudes\Downloads\PDFs\CONTRATO RESIDENCIAL  EUDES.pdf","C:\Users\Eudes\Downloads\PDFs\04 Veículos e imóveis\Imóveis e vistorias\CONTRATO RESIDENCIAL  EUDES.pdf","04 Veículos e imóveis\Imóveis e vistorias","Documento relacionado a imóvel ou vistoria","Movido"
"C:\Users\Eudes\Downloads\PDFs\Contrato_Novo_Vita_2025_26_assinado.pdf","C:\Users\Eudes\Downloads\PDFs\02 Saúde\Planos de saúde e contratos\Contrato_Novo_Vita_2025_26_assinado.pdf","02 Saúde\Planos de saúde e contratos","Plano de saúde ou contrato","Movido"
"C:\Users\Eudes\Downloads\PDFs\Convite Neta e Eudes.pdf","C:\Users\Eudes\Downloads\PDFs\01 Pessoal\Casamento e cerimônia\Convite Neta e Eudes.pdf","01 Pessoal\Casamento e cerimônia","Material de casamento ou cerimônia","Movido"
"C:\Users\Eudes\Downloads\PDFs\Convite para validação final.pdf","C:\Users\Eudes\Downloads\PDFs\99 Revisar conteúdo\Assunto a confirmar\Convite para validação final.pdf","99 Revisar conteúdo\Assunto a confirmar","Nome insuficiente para classificação segura","Movido"
"C:\Users\Eudes\Downloads\PDFs\Cópia de Comprometimento Organizacional.pdf","C:\Users\Eudes\Downloads\PDFs\07 Estudos\Gestão organizações e inovação\Cópia de Comprometimento Organizacional.pdf","07 Estudos\Gestão organizações e inovação","Tema de gestão e organizações","Movido"
"C:\Users\Eudes\Downloads\PDFs\Cópia de Convite de Casamento Elegante Creme Floral  (1).pdf","C:\Users\Eudes\Downloads\PDFs\01 Pessoal\Casamento e cerimônia\Cópia de Convite de Casamento Elegante Creme Floral  (1).pdf","01 Pessoal\Casamento e cerimônia","Material de casamento ou cerimônia","Movido"
"C:\Users\Eudes\Downloads\PDFs\Cópia de Convite de Casamento Elegante Creme Floral .pdf","C:\Users\Eudes\Downloads\PDFs\01 Pessoal\Casamento e cerimônia\Cópia de Convite de Casamento Elegante Creme Floral .pdf","01 Pessoal\Casamento e cerimônia","Material de casamento ou cerimônia","Movido"
"C:\Users\Eudes\Downloads\PDFs\copy_of_manualgestoderisco_2020_4.pdf","C:\Users\Eudes\Downloads\PDFs\09 Trabalho\Manuais e procedimentos\copy_of_manualgestoderisco_2020_4.pdf","09 Trabalho\Manuais e procedimentos","Manual de trabalho","Movido"
"C:\Users\Eudes\Downloads\PDFs\copy_of_PlanoePolticaNacionaldeSeguranaPblicaeDefesaSocial.pdf","C:\Users\Eudes\Downloads\PDFs\09 Trabalho\Planejamento orçamento e projetos\copy_of_PlanoePolticaNacionaldeSeguranaPblicaeDefesaSocial.pdf","09 Trabalho\Planejamento orçamento e projetos","Plano ou reunião de trabalho","Movido"
"C:\Users\Eudes\Downloads\PDFs\Cotação - Eudes.pdf","C:\Users\Eudes\Downloads\PDFs\06 Viagens e eventos\Cotações e ofertas\Sugestão de descarte\Cotação - Eudes.pdf","06 Viagens e eventos\Cotações e ofertas\Sugestão de descarte","Cotação ou oferta: conferir se ainda está em uso","Movido"
"C:\Users\Eudes\Downloads\PDFs\cotacao669531238.pdf","C:\Users\Eudes\Downloads\PDFs\06 Viagens e eventos\Cotações e ofertas\Sugestão de descarte\cotacao669531238.pdf","06 Viagens e eventos\Cotações e ofertas\Sugestão de descarte","Cotação ou oferta: conferir se ainda está em uso","Movido"
"C:\Users\Eudes\Downloads\PDFs\CRESCENDO ESPIRITUALMENTE (KENNETH HAGIN) 2018 PDF A5.pdf","C:\Users\Eudes\Downloads\PDFs\08 Religião e leituras\Bíblia teologia e reflexões\CRESCENDO ESPIRITUALMENTE (KENNETH HAGIN) 2018 PDF A5.pdf","08 Religião e leituras\Bíblia teologia e reflexões","Material religioso","Movido"
"C:\Users\Eudes\Downloads\PDFs\Criacionismo - Parte 1 - Prof. Adauto Lourenço.pdf","C:\Users\Eudes\Downloads\PDFs\08 Religião e leituras\Bíblia teologia e reflexões\Criacionismo - Parte 1 - Prof. Adauto Lourenço.pdf","08 Religião e leituras\Bíblia teologia e reflexões","Material religioso","Movido"
"C:\Users\Eudes\Downloads\PDFs\Cripto na Binance_compressed.pdf","C:\Users\Eudes\Downloads\PDFs\03 Finanças\Criptomoedas - extratos e histórico\Cripto na Binance_compressed.pdf","03 Finanças\Criptomoedas - extratos e histórico","Histórico de investimentos","Movido"
"C:\Users\Eudes\Downloads\PDFs\CRLV Digital_19142060540494D0074 (1).pdf","C:\Users\Eudes\Downloads\PDFs\04 Veículos e imóveis\Documentos de veículos\CRLV Digital_19142060540494D0074 (1).pdf","04 Veículos e imóveis\Documentos de veículos","Documento de veículo; exercício e validade não conferidos","Movido"
"C:\Users\Eudes\Downloads\PDFs\CRLV Digital_19142060540494D0074.pdf","C:\Users\Eudes\Downloads\PDFs\04 Veículos e imóveis\Documentos de veículos\CRLV Digital_19142060540494D0074.pdf","04 Veículos e imóveis\Documentos de veículos","Documento de veículo; exercício e validade não conferidos","Movido"
"C:\Users\Eudes\Downloads\PDFs\CRLV Digital_2021821022159BH0028.pdf","C:\Users\Eudes\Downloads\PDFs\04 Veículos e imóveis\Documentos de veículos\CRLV Digital_2021821022159BH0028.pdf","04 Veículos e imóveis\Documentos de veículos","Documento de veículo; exercício e validade não conferidos","Movido"
"C:\Users\Eudes\Downloads\PDFs\CRLV_ORJ6D19_1752783120284.pdf","C:\Users\Eudes\Downloads\PDFs\04 Veículos e imóveis\Documentos de veículos\CRLV_ORJ6D19_1752783120284.pdf","04 Veículos e imóveis\Documentos de veículos","Documento de veículo; exercício e validade não conferidos","Movido"
"C:\Users\Eudes\Downloads\PDFs\CRLV_QQW1F83_1752783206240.pdf","C:\Users\Eudes\Downloads\PDFs\04 Veículos e imóveis\Documentos de veículos\CRLV_QQW1F83_1752783206240.pdf","04 Veículos e imóveis\Documentos de veículos","Documento de veículo; exercício e validade não conferidos","Movido"
"C:\Users\Eudes\Downloads\PDFs\CS_Sign_14-09-2023_14.29-1_assinado.pdf","C:\Users\Eudes\Downloads\PDFs\99 Revisar conteúdo\Assunto a confirmar\CS_Sign_14-09-2023_14.29-1_assinado.pdf","99 Revisar conteúdo\Assunto a confirmar","Nome insuficiente para classificação segura","Movido"
"C:\Users\Eudes\Downloads\PDFs\CSP 01.pdf","C:\Users\Eudes\Downloads\PDFs\07 Estudos\Aulas atividades e formulários\CSP 01.pdf","07 Estudos\Aulas atividades e formulários","Material de curso ou atividade","Movido"
"C:\Users\Eudes\Downloads\PDFs\CSP_02.pdf","C:\Users\Eudes\Downloads\PDFs\07 Estudos\Aulas atividades e formulários\CSP_02.pdf","07 Estudos\Aulas atividades e formulários","Material de curso ou atividade","Movido"
"C:\Users\Eudes\Downloads\PDFs\CURRÍCULO DETALHADO_MJ.pdf","C:\Users\Eudes\Downloads\PDFs\01 Pessoal\Currículos\CURRÍCULO DETALHADO_MJ.pdf","01 Pessoal\Currículos","Currículo","Movido"
"C:\Users\Eudes\Downloads\PDFs\Currículo Lattes Maj Freitas.pdf","C:\Users\Eudes\Downloads\PDFs\01 Pessoal\Currículos\Currículo Lattes Maj Freitas.pdf","01 Pessoal\Currículos","Currículo","Movido"
"C:\Users\Eudes\Downloads\PDFs\Currículos Lattes (Eudes de Freitas Alves de Jesus).pdf","C:\Users\Eudes\Downloads\PDFs\01 Pessoal\Currículos\Currículos Lattes (Eudes de Freitas Alves de Jesus).pdf","01 Pessoal\Currículos","Currículo","Movido"
"C:\Users\Eudes\Downloads\PDFs\Curso Superior de Polícia 2023.pdf","C:\Users\Eudes\Downloads\PDFs\07 Estudos\Aulas atividades e formulários\Curso Superior de Polícia 2023.pdf","07 Estudos\Aulas atividades e formulários","Material de curso ou atividade","Movido"
"C:\Users\Eudes\Downloads\PDFs\Darf.pdf","C:\Users\Eudes\Downloads\PDFs\03 Finanças\Imposto de renda e rendimentos\Darf.pdf","03 Finanças\Imposto de renda e rendimentos","Documento fiscal; nome não basta para sugerir descarte","Movido"
"C:\Users\Eudes\Downloads\PDFs\DCI para CMDO 12AGO24.pdf","C:\Users\Eudes\Downloads\PDFs\09 Trabalho\CIOSP SESED e pessoal\DCI para CMDO 12AGO24.pdf","09 Trabalho\CIOSP SESED e pessoal","Organização e atividade institucional","Movido"
"C:\Users\Eudes\Downloads\PDFs\DDGV_PORT_Manual_v4.pdf","C:\Users\Eudes\Downloads\PDFs\09 Trabalho\Manuais e procedimentos\DDGV_PORT_Manual_v4.pdf","09 Trabalho\Manuais e procedimentos","Manual de trabalho","Movido"
"C:\Users\Eudes\Downloads\PDFs\DECLARAÇÃO DE IRPF 2021-2022- 82919348434-IRPF-2022-2021-origi-imagem-declaracao.pdf","C:\Users\Eudes\Downloads\PDFs\03 Finanças\Imposto de renda e rendimentos\DECLARAÇÃO DE IRPF 2021-2022- 82919348434-IRPF-2022-2021-origi-imagem-declaracao.pdf","03 Finanças\Imposto de renda e rendimentos","Documento fiscal; nome não basta para sugerir descarte","Movido"
"C:\Users\Eudes\Downloads\PDFs\Declaração Sanidade.pdf","C:\Users\Eudes\Downloads\PDFs\02 Saúde\Procedimentos e autorizações\Declaração Sanidade.pdf","02 Saúde\Procedimentos e autorizações","Documento relacionado a procedimento de saúde","Movido"
"C:\Users\Eudes\Downloads\PDFs\DECRETO Nº 11.615, DE 21 DE JULHO DE 2023 - DECRETO Nº 11.615, DE 21 DE JULHO DE 2023 - DOU - Imprensa Nacional.pdf","C:\Users\Eudes\Downloads\PDFs\09 Trabalho\Legislação editais e boletins\DECRETO Nº 11.615, DE 21 DE JULHO DE 2023 - DECRETO Nº 11.615, DE 21 DE JULHO DE 2023 - DOU - Imprensa Nacional.pdf","09 Trabalho\Legislação editais e boletins","Norma ou publicação administrativa","Movido"
"C:\Users\Eudes\Downloads\PDFs\Decreto_16038_RN.pdf","C:\Users\Eudes\Downloads\PDFs\09 Trabalho\Legislação editais e boletins\Decreto_16038_RN.pdf","09 Trabalho\Legislação editais e boletins","Norma ou publicação administrativa","Movido"
"C:\Users\Eudes\Downloads\PDFs\Delimitao_do_tema_para_o_TCC.pdf","C:\Users\Eudes\Downloads\PDFs\07 Estudos\TCC e metodologia científica\Delimitao_do_tema_para_o_TCC.pdf","07 Estudos\TCC e metodologia científica","Pesquisa e trabalho acadêmico","Movido"
"C:\Users\Eudes\Downloads\PDFs\demonstrativo (1).pdf","C:\Users\Eudes\Downloads\PDFs\03 Finanças\Extratos comprovantes e demonstrativos\demonstrativo (1).pdf","03 Finanças\Extratos comprovantes e demonstrativos","Finalidade ou obrigação financeira não confirmada; revisar conteúdo","Movido"
"C:\Users\Eudes\Downloads\PDFs\demonstrativo (2).pdf","C:\Users\Eudes\Downloads\PDFs\03 Finanças\Extratos comprovantes e demonstrativos\demonstrativo (2).pdf","03 Finanças\Extratos comprovantes e demonstrativos","Finalidade ou obrigação financeira não confirmada; revisar conteúdo","Movido"
"C:\Users\Eudes\Downloads\PDFs\demonstrativo (3).pdf","C:\Users\Eudes\Downloads\PDFs\03 Finanças\Extratos comprovantes e demonstrativos\demonstrativo (3).pdf","03 Finanças\Extratos comprovantes e demonstrativos","Finalidade ou obrigação financeira não confirmada; revisar conteúdo","Movido"
"C:\Users\Eudes\Downloads\PDFs\demonstrativo-1381751000-2023-05-30.pdf","C:\Users\Eudes\Downloads\PDFs\03 Finanças\Extratos comprovantes e demonstrativos\demonstrativo-1381751000-2023-05-30.pdf","03 Finanças\Extratos comprovantes e demonstrativos","Finalidade ou obrigação financeira não confirmada; revisar conteúdo","Movido"
"C:\Users\Eudes\Downloads\PDFs\demonstrativo-1381751000-2024-05-29.pdf","C:\Users\Eudes\Downloads\PDFs\03 Finanças\Extratos comprovantes e demonstrativos\demonstrativo-1381751000-2024-05-29.pdf","03 Finanças\Extratos comprovantes e demonstrativos","Finalidade ou obrigação financeira não confirmada; revisar conteúdo","Movido"
"C:\Users\Eudes\Downloads\PDFs\demonstrativo.pdf","C:\Users\Eudes\Downloads\PDFs\03 Finanças\Extratos comprovantes e demonstrativos\demonstrativo.pdf","03 Finanças\Extratos comprovantes e demonstrativos","Finalidade ou obrigação financeira não confirmada; revisar conteúdo","Movido"
"C:\Users\Eudes\Downloads\PDFs\DemonstrativoPagamento2024 (1).pdf","C:\Users\Eudes\Downloads\PDFs\03 Finanças\Extratos comprovantes e demonstrativos\DemonstrativoPagamento2024 (1).pdf","03 Finanças\Extratos comprovantes e demonstrativos","Finalidade ou obrigação financeira não confirmada; revisar conteúdo","Movido"
"C:\Users\Eudes\Downloads\PDFs\DemonstrativoPagamento2024.pdf","C:\Users\Eudes\Downloads\PDFs\03 Finanças\Extratos comprovantes e demonstrativos\DemonstrativoPagamento2024.pdf","03 Finanças\Extratos comprovantes e demonstrativos","Finalidade ou obrigação financeira não confirmada; revisar conteúdo","Movido"
"C:\Users\Eudes\Downloads\PDFs\DemonstrativoReembolso2024.pdf","C:\Users\Eudes\Downloads\PDFs\03 Finanças\Extratos comprovantes e demonstrativos\DemonstrativoReembolso2024.pdf","03 Finanças\Extratos comprovantes e demonstrativos","Finalidade ou obrigação financeira não confirmada; revisar conteúdo","Movido"
"C:\Users\Eudes\Downloads\PDFs\Desigualdade territorial (1).pdf","C:\Users\Eudes\Downloads\PDFs\07 Estudos\Artigos e publicações - identificar tema\Desigualdade territorial (1).pdf","07 Estudos\Artigos e publicações - identificar tema","Publicação ou estudo","Movido"
"C:\Users\Eudes\Downloads\PDFs\Diagramação - Plano Estratégico 20252034 - SESED (1).pdf","C:\Users\Eudes\Downloads\PDFs\09 Trabalho\Planejamento orçamento e projetos\Diagramação - Plano Estratégico 20252034 - SESED (1).pdf","09 Trabalho\Planejamento orçamento e projetos","Planejamento e projetos","Movido"
"C:\Users\Eudes\Downloads\PDFs\Dialnet-OQueSeDiscuteSobreInovacaoNoSetorPublicoBrasileiro-5298074.pdf","C:\Users\Eudes\Downloads\PDFs\07 Estudos\Gestão organizações e inovação\Dialnet-OQueSeDiscuteSobreInovacaoNoSetorPublicoBrasileiro-5298074.pdf","07 Estudos\Gestão organizações e inovação","Tema de gestão e organizações","Movido"
"C:\Users\Eudes\Downloads\PDFs\Diploma de Letras.pdf","C:\Users\Eudes\Downloads\PDFs\01 Pessoal\Certificados diplomas e certidões permanentes\Diploma de Letras.pdf","01 Pessoal\Certificados diplomas e certidões permanentes","Documento pessoal ou comprovação de formação; preservar para análise","Movido"
"C:\Users\Eudes\Downloads\PDFs\Diploma em Adm UFRN.pdf","C:\Users\Eudes\Downloads\PDFs\01 Pessoal\Certificados diplomas e certidões permanentes\Diploma em Adm UFRN.pdf","01 Pessoal\Certificados diplomas e certidões permanentes","Documento pessoal ou comprovação de formação; preservar para análise","Movido"
"C:\Users\Eudes\Downloads\PDFs\diploma_da_pós .pdf","C:\Users\Eudes\Downloads\PDFs\01 Pessoal\Certificados diplomas e certidões permanentes\diploma_da_pós .pdf","01 Pessoal\Certificados diplomas e certidões permanentes","Documento pessoal ou comprovação de formação; preservar para análise","Movido"
"C:\Users\Eudes\Downloads\PDFs\DIREITO APLICADO REFLEXÕES CICLO COMPLETO DE POLÍCIA.pdf","C:\Users\Eudes\Downloads\PDFs\07 Estudos\Ciências policiais e segurança pública\DIREITO APLICADO REFLEXÕES CICLO COMPLETO DE POLÍCIA.pdf","07 Estudos\Ciências policiais e segurança pública","Estudos de segurança pública","Movido"
"C:\Users\Eudes\Downloads\PDFs\DISTRIBUIÇÃO DAS NOVAS CADEIRAS.pdf","C:\Users\Eudes\Downloads\PDFs\09 Trabalho\CIOSP SESED e pessoal\DISTRIBUIÇÃO DAS NOVAS CADEIRAS.pdf","09 Trabalho\CIOSP SESED e pessoal","Organização e atividade institucional","Movido"
"C:\Users\Eudes\Downloads\PDFs\Divisão dos grupos - curso design thinling 01.09.21.pdf","C:\Users\Eudes\Downloads\PDFs\07 Estudos\Agendas e grupos de cursos\Sugestão de descarte\Divisão dos grupos - curso design thinling 01.09.21.pdf","07 Estudos\Agendas e grupos de cursos\Sugestão de descarte","Agenda ou distribuição de turma: conferir se o curso terminou","Movido"
"C:\Users\Eudes\Downloads\PDFs\Divisão dos grupos - curso design thinling 15.09.21.pdf","C:\Users\Eudes\Downloads\PDFs\07 Estudos\Agendas e grupos de cursos\Sugestão de descarte\Divisão dos grupos - curso design thinling 15.09.21.pdf","07 Estudos\Agendas e grupos de cursos\Sugestão de descarte","Agenda ou distribuição de turma: conferir se o curso terminou","Movido"
"C:\Users\Eudes\Downloads\PDFs\documento (1).pdf","C:\Users\Eudes\Downloads\PDFs\99 Revisar conteúdo\Nomes genéricos e códigos\documento (1).pdf","99 Revisar conteúdo\Nomes genéricos e códigos","Não é possível inferir o assunto pelo nome","Movido"
"C:\Users\Eudes\Downloads\PDFs\documento (2).pdf","C:\Users\Eudes\Downloads\PDFs\99 Revisar conteúdo\Nomes genéricos e códigos\documento (2).pdf","99 Revisar conteúdo\Nomes genéricos e códigos","Não é possível inferir o assunto pelo nome","Movido"
"C:\Users\Eudes\Downloads\PDFs\documento (3).pdf","C:\Users\Eudes\Downloads\PDFs\99 Revisar conteúdo\Nomes genéricos e códigos\documento (3).pdf","99 Revisar conteúdo\Nomes genéricos e códigos","Não é possível inferir o assunto pelo nome","Movido"
"C:\Users\Eudes\Downloads\PDFs\documento (4).pdf","C:\Users\Eudes\Downloads\PDFs\99 Revisar conteúdo\Nomes genéricos e códigos\documento (4).pdf","99 Revisar conteúdo\Nomes genéricos e códigos","Não é possível inferir o assunto pelo nome","Movido"
"C:\Users\Eudes\Downloads\PDFs\documento (5).pdf","C:\Users\Eudes\Downloads\PDFs\99 Revisar conteúdo\Nomes genéricos e códigos\documento (5).pdf","99 Revisar conteúdo\Nomes genéricos e códigos","Não é possível inferir o assunto pelo nome","Movido"
"C:\Users\Eudes\Downloads\PDFs\documento (6).pdf","C:\Users\Eudes\Downloads\PDFs\99 Revisar conteúdo\Nomes genéricos e códigos\documento (6).pdf","99 Revisar conteúdo\Nomes genéricos e códigos","Não é possível inferir o assunto pelo nome","Movido"
"C:\Users\Eudes\Downloads\PDFs\Documento sem título.pdf","C:\Users\Eudes\Downloads\PDFs\99 Revisar conteúdo\Nomes genéricos e códigos\Documento sem título.pdf","99 Revisar conteúdo\Nomes genéricos e códigos","Não é possível inferir o assunto pelo nome","Movido"
"C:\Users\Eudes\Downloads\PDFs\documento.pdf","C:\Users\Eudes\Downloads\PDFs\99 Revisar conteúdo\Nomes genéricos e códigos\documento.pdf","99 Revisar conteúdo\Nomes genéricos e códigos","Não é possível inferir o assunto pelo nome","Movido"
"C:\Users\Eudes\Downloads\PDFs\Documentos inclusão Unimed - ASSOFME.pdf","C:\Users\Eudes\Downloads\PDFs\02 Saúde\Planos de saúde e contratos\Documentos inclusão Unimed - ASSOFME.pdf","02 Saúde\Planos de saúde e contratos","Plano de saúde ou contrato","Movido"
"C:\Users\Eudes\Downloads\PDFs\Documentos necesários.pdf","C:\Users\Eudes\Downloads\PDFs\99 Revisar conteúdo\Nomes genéricos e códigos\Documentos necesários.pdf","99 Revisar conteúdo\Nomes genéricos e códigos","Não é possível inferir o assunto pelo nome","Movido"
"C:\Users\Eudes\Downloads\PDFs\download-29041-ebook TCC 23x mais rapido-4430236.pdf","C:\Users\Eudes\Downloads\PDFs\07 Estudos\TCC e metodologia científica\download-29041-ebook TCC 23x mais rapido-4430236.pdf","07 Estudos\TCC e metodologia científica","Pesquisa e trabalho acadêmico","Movido"
"C:\Users\Eudes\Downloads\PDFs\download.pdf","C:\Users\Eudes\Downloads\PDFs\99 Revisar conteúdo\Nomes genéricos e códigos\download.pdf","99 Revisar conteúdo\Nomes genéricos e códigos","Não é possível inferir o assunto pelo nome","Movido"
"C:\Users\Eudes\Downloads\PDFs\downloadfile.pdf","C:\Users\Eudes\Downloads\PDFs\99 Revisar conteúdo\Nomes genéricos e códigos\downloadfile.pdf","99 Revisar conteúdo\Nomes genéricos e códigos","Não é possível inferir o assunto pelo nome","Movido"
"C:\Users\Eudes\Downloads\PDFs\DT MODULO 10 - FACILITACAO.pdf","C:\Users\Eudes\Downloads\PDFs\07 Estudos\Design thinking e oficinas\DT MODULO 10 - FACILITACAO.pdf","07 Estudos\Design thinking e oficinas","Material de design thinking","Movido"
"C:\Users\Eudes\Downloads\PDFs\DT MODULO 8 - TRANSICAO.pdf","C:\Users\Eudes\Downloads\PDFs\07 Estudos\Design thinking e oficinas\DT MODULO 8 - TRANSICAO.pdf","07 Estudos\Design thinking e oficinas","Material de design thinking","Movido"
"C:\Users\Eudes\Downloads\PDFs\DT MODULO 9 - PLANEJAMENTO OFICINAS.pdf","C:\Users\Eudes\Downloads\PDFs\07 Estudos\Design thinking e oficinas\DT MODULO 9 - PLANEJAMENTO OFICINAS.pdf","07 Estudos\Design thinking e oficinas","Material de design thinking","Movido"
"C:\Users\Eudes\Downloads\PDFs\E-Book Gerenciamento de Risco Criptomaniacos.pdf","C:\Users\Eudes\Downloads\PDFs\03 Finanças\Criptomoedas - estudos e materiais\E-Book Gerenciamento de Risco Criptomaniacos.pdf","03 Finanças\Criptomoedas - estudos e materiais","Material de estudo sobre investimentos","Movido"
"C:\Users\Eudes\Downloads\PDFs\E-book_Metodologia_do_Trabalho_Cientifico_1.pdf","C:\Users\Eudes\Downloads\PDFs\07 Estudos\TCC e metodologia científica\E-book_Metodologia_do_Trabalho_Cientifico_1.pdf","07 Estudos\TCC e metodologia científica","Pesquisa e trabalho acadêmico","Movido"
"C:\Users\Eudes\Downloads\PDFs\Ebook - Bitcoin e Criptomoedas - Criptomaníacos.pdf","C:\Users\Eudes\Downloads\PDFs\03 Finanças\Criptomoedas - estudos e materiais\Ebook - Bitcoin e Criptomoedas - Criptomaníacos.pdf","03 Finanças\Criptomoedas - estudos e materiais","Material de estudo sobre investimentos","Movido"
"C:\Users\Eudes\Downloads\PDFs\Ebook-MP.pdf","C:\Users\Eudes\Downloads\PDFs\08 Religião e leituras\Livros e desenvolvimento pessoal\Ebook-MP.pdf","08 Religião e leituras\Livros e desenvolvimento pessoal","Leitura e desenvolvimento pessoal","Movido"
"C:\Users\Eudes\Downloads\PDFs\ebooksuicidio.pdf","C:\Users\Eudes\Downloads\PDFs\07 Estudos\Qualidade de vida e saúde no trabalho\ebooksuicidio.pdf","07 Estudos\Qualidade de vida e saúde no trabalho","Tema de qualidade de vida no trabalho","Movido"
"C:\Users\Eudes\Downloads\PDFs\Edital FAPERN_SESED.pdf","C:\Users\Eudes\Downloads\PDFs\09 Trabalho\Legislação editais e boletins\Edital FAPERN_SESED.pdf","09 Trabalho\Legislação editais e boletins","Norma ou publicação administrativa","Movido"
"C:\Users\Eudes\Downloads\PDFs\Educação e leitura - Formar leitores, formando-se.pdf","C:\Users\Eudes\Downloads\PDFs\07 Estudos\Linguagem e análise do discurso\Educação e leitura - Formar leitores, formando-se.pdf","07 Estudos\Linguagem e análise do discurso","Tema de linguagem e análise","Movido"
"C:\Users\Eudes\Downloads\PDFs\Efetivo Total do CIOSP por órgão 07JUL21.pdf","C:\Users\Eudes\Downloads\PDFs\09 Trabalho\CIOSP SESED e pessoal\Efetivo Total do CIOSP por órgão 07JUL21.pdf","09 Trabalho\CIOSP SESED e pessoal","Organização e atividade institucional","Movido"
"C:\Users\Eudes\Downloads\PDFs\Embracon - EUDES DE FREITAS - Lance 23-04.pdf","C:\Users\Eudes\Downloads\PDFs\03 Finanças\Consórcios e crédito\Embracon - EUDES DE FREITAS - Lance 23-04.pdf","03 Finanças\Consórcios e crédito","Consórcio ou crédito","Movido"
"C:\Users\Eudes\Downloads\PDFs\Embracon Ago21.pdf","C:\Users\Eudes\Downloads\PDFs\03 Finanças\Consórcios e crédito\Embracon Ago21.pdf","03 Finanças\Consórcios e crédito","Consórcio ou crédito","Movido"
"C:\Users\Eudes\Downloads\PDFs\Endereço 2 Jesus.pdf","C:\Users\Eudes\Downloads\PDFs\01 Pessoal\Residência\Sugestão de descarte\Endereço 2 Jesus.pdf","01 Pessoal\Residência\Sugestão de descarte","Comprovante de endereço: revisar se ainda tem utilidade; validade não conferida","Movido"
"C:\Users\Eudes\Downloads\PDFs\Entre a Verdade e o Engano - Eduardo Leandro Alves.pdf","C:\Users\Eudes\Downloads\PDFs\08 Religião e leituras\Bíblia teologia e reflexões\Entre a Verdade e o Engano - Eduardo Leandro Alves.pdf","08 Religião e leituras\Bíblia teologia e reflexões","Material religioso","Movido"
"C:\Users\Eudes\Downloads\PDFs\EOC_UFRN_GUIA_ATIVIDADES_DISCIPLINA_T02.pdf","C:\Users\Eudes\Downloads\PDFs\07 Estudos\Aulas atividades e formulários\EOC_UFRN_GUIA_ATIVIDADES_DISCIPLINA_T02.pdf","07 Estudos\Aulas atividades e formulários","Material de curso ou atividade","Movido"
"C:\Users\Eudes\Downloads\PDFs\Equipes..pdf","C:\Users\Eudes\Downloads\PDFs\99 Revisar conteúdo\Assunto a confirmar\Equipes..pdf","99 Revisar conteúdo\Assunto a confirmar","Nome insuficiente para classificação segura","Movido"
"C:\Users\Eudes\Downloads\PDFs\Estrutura do DCI- SEI (pdf.io).pdf","C:\Users\Eudes\Downloads\PDFs\09 Trabalho\CIOSP SESED e pessoal\Estrutura do DCI- SEI (pdf.io).pdf","09 Trabalho\CIOSP SESED e pessoal","Organização e atividade institucional","Movido"
"C:\Users\Eudes\Downloads\PDFs\Estudo das Ciências Policiais. In- Ciências Policiais. Edson Rosa Gomes da Silva-20221028100719.pdf","C:\Users\Eudes\Downloads\PDFs\07 Estudos\Ciências policiais e segurança pública\Estudo das Ciências Policiais. In- Ciências Policiais. Edson Rosa Gomes da Silva-20221028100719.pdf","07 Estudos\Ciências policiais e segurança pública","Estudos de segurança pública","Movido"
"C:\Users\Eudes\Downloads\PDFs\Estudo de caso 2ª U.pdf","C:\Users\Eudes\Downloads\PDFs\07 Estudos\Aulas atividades e formulários\Estudo de caso 2ª U.pdf","07 Estudos\Aulas atividades e formulários","Material de curso ou atividade","Movido"
"C:\Users\Eudes\Downloads\PDFs\Estudo sobre CLOROQUINA-PB.pdf","C:\Users\Eudes\Downloads\PDFs\02 Saúde\Estudos e informações de saúde\Estudo sobre CLOROQUINA-PB.pdf","02 Saúde\Estudos e informações de saúde","Material informativo sobre saúde","Movido"
"C:\Users\Eudes\Downloads\PDFs\ESTUDO_DE_CASO_2_-_PARADISE (1).pdf","C:\Users\Eudes\Downloads\PDFs\07 Estudos\Aulas atividades e formulários\ESTUDO_DE_CASO_2_-_PARADISE (1).pdf","07 Estudos\Aulas atividades e formulários","Material de curso ou atividade","Movido"
"C:\Users\Eudes\Downloads\PDFs\Eudes 16122021.PDF","C:\Users\Eudes\Downloads\PDFs\99 Revisar conteúdo\Assunto a confirmar\Eudes 16122021.PDF","99 Revisar conteúdo\Assunto a confirmar","Nome insuficiente para classificação segura","Movido"
"C:\Users\Eudes\Downloads\PDFs\EUDES DE FREITAS - AUTORIZAÇÃO.pdf","C:\Users\Eudes\Downloads\PDFs\99 Revisar conteúdo\Assunto a confirmar\EUDES DE FREITAS - AUTORIZAÇÃO.pdf","99 Revisar conteúdo\Assunto a confirmar","Nome insuficiente para classificação segura","Movido"
"C:\Users\Eudes\Downloads\PDFs\Eudes de Freitas_certificado.pdf","C:\Users\Eudes\Downloads\PDFs\01 Pessoal\Certificados diplomas e certidões permanentes\Eudes de Freitas_certificado.pdf","01 Pessoal\Certificados diplomas e certidões permanentes","Documento pessoal ou comprovação de formação; preservar para análise","Movido"
"C:\Users\Eudes\Downloads\PDFs\Eudes freitas.pdf","C:\Users\Eudes\Downloads\PDFs\99 Revisar conteúdo\Assunto a confirmar\Eudes freitas.pdf","99 Revisar conteúdo\Assunto a confirmar","Nome insuficiente para classificação segura","Movido"
"C:\Users\Eudes\Downloads\PDFs\EudesFAJ-EXT-RodolfoA-24032022.pdf","C:\Users\Eudes\Downloads\PDFs\99 Revisar conteúdo\Assunto a confirmar\EudesFAJ-EXT-RodolfoA-24032022.pdf","99 Revisar conteúdo\Assunto a confirmar","Nome insuficiente para classificação segura","Movido"
"C:\Users\Eudes\Downloads\PDFs\EUDFRT_Abordagem_HumansticaFINAL.pdf","C:\Users\Eudes\Downloads\PDFs\07 Estudos\Gestão organizações e inovação\EUDFRT_Abordagem_HumansticaFINAL.pdf","07 Estudos\Gestão organizações e inovação","Tema de gestão e organizações","Movido"
"C:\Users\Eudes\Downloads\PDFs\EUDFRT_ATIVIDADE 1 UNIDADE 2.pdf","C:\Users\Eudes\Downloads\PDFs\07 Estudos\Aulas atividades e formulários\EUDFRT_ATIVIDADE 1 UNIDADE 2.pdf","07 Estudos\Aulas atividades e formulários","Material de curso ou atividade","Movido"
"C:\Users\Eudes\Downloads\PDFs\EVoucher_eudes_2.pdf","C:\Users\Eudes\Downloads\PDFs\06 Viagens e eventos\Reservas e ingressos\Sugestão de descarte\EVoucher_eudes_2.pdf","06 Viagens e eventos\Reservas e ingressos\Sugestão de descarte","Possível uso pontual: confirmar se a viagem ou evento já aconteceu","Movido"
"C:\Users\Eudes\Downloads\PDFs\EVoucher_eudes_3.pdf","C:\Users\Eudes\Downloads\PDFs\06 Viagens e eventos\Reservas e ingressos\Sugestão de descarte\EVoucher_eudes_3.pdf","06 Viagens e eventos\Reservas e ingressos\Sugestão de descarte","Possível uso pontual: confirmar se a viagem ou evento já aconteceu","Movido"
"C:\Users\Eudes\Downloads\PDFs\Extrato Eudes Freitas.pdf","C:\Users\Eudes\Downloads\PDFs\03 Finanças\Extratos comprovantes e demonstrativos\Extrato Eudes Freitas.pdf","03 Finanças\Extratos comprovantes e demonstrativos","Finalidade ou obrigação financeira não confirmada; revisar conteúdo","Movido"
"C:\Users\Eudes\Downloads\PDFs\Extrato Mensal 004759910.pdf","C:\Users\Eudes\Downloads\PDFs\03 Finanças\Extratos comprovantes e demonstrativos\Extrato Mensal 004759910.pdf","03 Finanças\Extratos comprovantes e demonstrativos","Finalidade ou obrigação financeira não confirmada; revisar conteúdo","Movido"
"C:\Users\Eudes\Downloads\PDFs\Extrato Nu JUN_NOV_24_merged_compressed.pdf","C:\Users\Eudes\Downloads\PDFs\03 Finanças\Extratos comprovantes e demonstrativos\Extrato Nu JUN_NOV_24_merged_compressed.pdf","03 Finanças\Extratos comprovantes e demonstrativos","Finalidade ou obrigação financeira não confirmada; revisar conteúdo","Movido"
"C:\Users\Eudes\Downloads\PDFs\Extrato-da-sua-c6 180 DIAS _compressed.pdf","C:\Users\Eudes\Downloads\PDFs\03 Finanças\Extratos comprovantes e demonstrativos\Extrato-da-sua-c6 180 DIAS _compressed.pdf","03 Finanças\Extratos comprovantes e demonstrativos","Finalidade ou obrigação financeira não confirmada; revisar conteúdo","Movido"
"C:\Users\Eudes\Downloads\PDFs\f04a0a16-0050-4941-ad7d-721218c0371b_Mateus_67-13_-_Texto_Bblico_na_ntegra.pdf","C:\Users\Eudes\Downloads\PDFs\99 Revisar conteúdo\Nomes genéricos e códigos\f04a0a16-0050-4941-ad7d-721218c0371b_Mateus_67-13_-_Texto_Bblico_na_ntegra.pdf","99 Revisar conteúdo\Nomes genéricos e códigos","Não é possível inferir o assunto pelo nome","Movido"
"C:\Users\Eudes\Downloads\PDFs\fatura Nanquim BB SET26.pdf","C:\Users\Eudes\Downloads\PDFs\03 Finanças\Boletos faturas impostos e notas\fatura Nanquim BB SET26.pdf","03 Finanças\Boletos faturas impostos e notas","Cobrança ou documento fiscal; conferir conteúdo","Movido"
"C:\Users\Eudes\Downloads\PDFs\Fatura-CPF.pdf","C:\Users\Eudes\Downloads\PDFs\03 Finanças\Boletos faturas impostos e notas\Fatura-CPF.pdf","03 Finanças\Boletos faturas impostos e notas","Cobrança ou documento fiscal; conferir conteúdo","Movido"
"C:\Users\Eudes\Downloads\PDFs\Fatura17-08-2023.pdf","C:\Users\Eudes\Downloads\PDFs\03 Finanças\Boletos faturas impostos e notas\Fatura17-08-2023.pdf","03 Finanças\Boletos faturas impostos e notas","Cobrança ou documento fiscal; conferir conteúdo","Movido"
"C:\Users\Eudes\Downloads\PDFs\Ficha de Inscrição_Maj Freitas.pdf","C:\Users\Eudes\Downloads\PDFs\07 Estudos\Inscrições e cadastros\Ficha de Inscrição_Maj Freitas.pdf","07 Estudos\Inscrições e cadastros","Inscrição ou cadastro; finalidade ainda a conferir","Movido"
"C:\Users\Eudes\Downloads\PDFs\ficha_catalografica_71644.pdf","C:\Users\Eudes\Downloads\PDFs\07 Estudos\TCC e metodologia científica\ficha_catalografica_71644.pdf","07 Estudos\TCC e metodologia científica","Pesquisa e trabalho acadêmico","Movido"
"C:\Users\Eudes\Downloads\PDFs\fici_S038375995 (1).pdf","C:\Users\Eudes\Downloads\PDFs\03 Finanças\Extratos comprovantes e demonstrativos\fici_S038375995 (1).pdf","03 Finanças\Extratos comprovantes e demonstrativos","Finalidade ou obrigação financeira não confirmada; revisar conteúdo","Movido"
"C:\Users\Eudes\Downloads\PDFs\fici_S038375995.pdf","C:\Users\Eudes\Downloads\PDFs\03 Finanças\Extratos comprovantes e demonstrativos\fici_S038375995.pdf","03 Finanças\Extratos comprovantes e demonstrativos","Finalidade ou obrigação financeira não confirmada; revisar conteúdo","Movido"
"C:\Users\Eudes\Downloads\PDFs\Fioreze e Martinez, 2016 INFLUÊNCIA DA CULTURA E CLIMA ORGANIZACIONAL.pdf","C:\Users\Eudes\Downloads\PDFs\07 Estudos\Gestão organizações e inovação\Fioreze e Martinez, 2016 INFLUÊNCIA DA CULTURA E CLIMA ORGANIZACIONAL.pdf","07 Estudos\Gestão organizações e inovação","Tema de gestão e organizações","Movido"
"C:\Users\Eudes\Downloads\PDFs\Fluxograma do registro de sinistros de trânsito.pdf","C:\Users\Eudes\Downloads\PDFs\09 Trabalho\CIOSP SESED e pessoal\Fluxograma do registro de sinistros de trânsito.pdf","09 Trabalho\CIOSP SESED e pessoal","Organização e atividade institucional","Movido"
"C:\Users\Eudes\Downloads\PDFs\Folha de Estudo_ 1ª Viagem Missionária de Paulo.pdf","C:\Users\Eudes\Downloads\PDFs\08 Religião e leituras\Bíblia teologia e reflexões\Folha de Estudo_ 1ª Viagem Missionária de Paulo.pdf","08 Religião e leituras\Bíblia teologia e reflexões","Material religioso","Movido"
"C:\Users\Eudes\Downloads\PDFs\Formulários.MJ - Questionário UNB.pdf","C:\Users\Eudes\Downloads\PDFs\07 Estudos\Aulas atividades e formulários\Formulários.MJ - Questionário UNB.pdf","07 Estudos\Aulas atividades e formulários","Material de curso ou atividade","Movido"
"C:\Users\Eudes\Downloads\PDFs\Formulrio_de_Avaliao_de_TCC_-_Orientador.pdf","C:\Users\Eudes\Downloads\PDFs\07 Estudos\TCC e metodologia científica\Formulrio_de_Avaliao_de_TCC_-_Orientador.pdf","07 Estudos\TCC e metodologia científica","Pesquisa e trabalho acadêmico","Movido"
"C:\Users\Eudes\Downloads\PDFs\Formulrio_de_Avaliao_de_TCC-_Examinador.pdf","C:\Users\Eudes\Downloads\PDFs\07 Estudos\TCC e metodologia científica\Formulrio_de_Avaliao_de_TCC-_Examinador.pdf","07 Estudos\TCC e metodologia científica","Pesquisa e trabalho acadêmico","Movido"
"C:\Users\Eudes\Downloads\PDFs\Funcional Jesus.pdf","C:\Users\Eudes\Downloads\PDFs\01 Pessoal\Identificação\Funcional Jesus.pdf","01 Pessoal\Identificação","Documento de identificação","Movido"
"C:\Users\Eudes\Downloads\PDFs\Funcional Neta.pdf","C:\Users\Eudes\Downloads\PDFs\01 Pessoal\Identificação\Funcional Neta.pdf","01 Pessoal\Identificação","Documento de identificação","Movido"
"C:\Users\Eudes\Downloads\PDFs\Funcionarios_09_11_2023.pdf","C:\Users\Eudes\Downloads\PDFs\09 Trabalho\CIOSP SESED e pessoal\Funcionarios_09_11_2023.pdf","09 Trabalho\CIOSP SESED e pessoal","Organização e atividade institucional","Movido"
"C:\Users\Eudes\Downloads\PDFs\Fundamentos de Metodologia Científica by Marina de Andrade Marconi, Eva Maria Lakatos (z-lib.org).pdf","C:\Users\Eudes\Downloads\PDFs\07 Estudos\TCC e metodologia científica\Fundamentos de Metodologia Científica by Marina de Andrade Marconi, Eva Maria Lakatos (z-lib.org).pdf","07 Estudos\TCC e metodologia científica","Pesquisa e trabalho acadêmico","Movido"
"C:\Users\Eudes\Downloads\PDFs\GESTÃO DE PESSOAS VOLTADA À INOVAÇÃO NO SETOR.pdf","C:\Users\Eudes\Downloads\PDFs\07 Estudos\Gestão organizações e inovação\GESTÃO DE PESSOAS VOLTADA À INOVAÇÃO NO SETOR.pdf","07 Estudos\Gestão organizações e inovação","Tema de gestão e organizações","Movido"
"C:\Users\Eudes\Downloads\PDFs\Gestão por processos configurações em organizações públicas (2).pdf","C:\Users\Eudes\Downloads\PDFs\07 Estudos\Gestão organizações e inovação\Gestão por processos configurações em organizações públicas (2).pdf","07 Estudos\Gestão organizações e inovação","Tema de gestão e organizações","Movido"
"C:\Users\Eudes\Downloads\PDFs\Global_State_of_Multichannel_Customer_Service_Report.pdf.pdf","C:\Users\Eudes\Downloads\PDFs\07 Estudos\Gestão organizações e inovação\Global_State_of_Multichannel_Customer_Service_Report.pdf.pdf","07 Estudos\Gestão organizações e inovação","Estudo sobre atendimento","Movido"
"C:\Users\Eudes\Downloads\PDFs\Grupos_Noite.pdf","C:\Users\Eudes\Downloads\PDFs\07 Estudos\Agendas e grupos de cursos\Sugestão de descarte\Grupos_Noite.pdf","07 Estudos\Agendas e grupos de cursos\Sugestão de descarte","Agenda ou distribuição de turma: conferir se o curso terminou","Movido"
"C:\Users\Eudes\Downloads\PDFs\GRUPOS_SEMINARIOS_EOC_T02.pdf","C:\Users\Eudes\Downloads\PDFs\07 Estudos\Agendas e grupos de cursos\Sugestão de descarte\GRUPOS_SEMINARIOS_EOC_T02.pdf","07 Estudos\Agendas e grupos de cursos\Sugestão de descarte","Agenda ou distribuição de turma: conferir se o curso terminou","Movido"
"C:\Users\Eudes\Downloads\PDFs\gui-teologico-correntes-cristologicas-v4.pdf","C:\Users\Eudes\Downloads\PDFs\08 Religião e leituras\Bíblia teologia e reflexões\gui-teologico-correntes-cristologicas-v4.pdf","08 Religião e leituras\Bíblia teologia e reflexões","Material religioso","Movido"
"C:\Users\Eudes\Downloads\PDFs\Guia IR.pdf","C:\Users\Eudes\Downloads\PDFs\03 Finanças\Imposto de renda e rendimentos\Guia IR.pdf","03 Finanças\Imposto de renda e rendimentos","Documento fiscal; nome não basta para sugerir descarte","Movido"
"C:\Users\Eudes\Downloads\PDFs\GUIA_ANEXO_OPME_292580398 (2).pdf","C:\Users\Eudes\Downloads\PDFs\02 Saúde\Procedimentos e autorizações\GUIA_ANEXO_OPME_292580398 (2).pdf","02 Saúde\Procedimentos e autorizações","Documento relacionado a procedimento de saúde","Movido"
"C:\Users\Eudes\Downloads\PDFs\Guia_Lancamento_Carne_Leao_IRPF2025.pdf","C:\Users\Eudes\Downloads\PDFs\03 Finanças\Imposto de renda e rendimentos\Guia_Lancamento_Carne_Leao_IRPF2025.pdf","03 Finanças\Imposto de renda e rendimentos","Documento fiscal; nome não basta para sugerir descarte","Movido"
"C:\Users\Eudes\Downloads\PDFs\Guia+do+Aluno+1.4.pdf","C:\Users\Eudes\Downloads\PDFs\07 Estudos\Aulas atividades e formulários\Guia+do+Aluno+1.4.pdf","07 Estudos\Aulas atividades e formulários","Material de curso ou atividade","Movido"
"C:\Users\Eudes\Downloads\PDFs\guiasolicitacaointernacao-202506121714586715356-1_2.pdf","C:\Users\Eudes\Downloads\PDFs\02 Saúde\Procedimentos e autorizações\guiasolicitacaointernacao-202506121714586715356-1_2.pdf","02 Saúde\Procedimentos e autorizações","Documento relacionado a procedimento de saúde","Movido"
"C:\Users\Eudes\Downloads\PDFs\Histórias da Bíblia na versão nordestina - Wigor Lima.pdf","C:\Users\Eudes\Downloads\PDFs\08 Religião e leituras\Bíblia teologia e reflexões\Histórias da Bíblia na versão nordestina - Wigor Lima.pdf","08 Religião e leituras\Bíblia teologia e reflexões","Material religioso","Movido"
"C:\Users\Eudes\Downloads\PDFs\historico_20170106879 (1).pdf","C:\Users\Eudes\Downloads\PDFs\01 Pessoal\Certificados diplomas e certidões permanentes\historico_20170106879 (1).pdf","01 Pessoal\Certificados diplomas e certidões permanentes","Documento pessoal ou comprovação de formação; preservar para análise","Movido"
"C:\Users\Eudes\Downloads\PDFs\historico_transacoes (1).pdf","C:\Users\Eudes\Downloads\PDFs\03 Finanças\Criptomoedas - extratos e histórico\historico_transacoes (1).pdf","03 Finanças\Criptomoedas - extratos e histórico","Histórico de investimentos","Movido"
"C:\Users\Eudes\Downloads\PDFs\historico_transacoes (10).pdf","C:\Users\Eudes\Downloads\PDFs\03 Finanças\Criptomoedas - extratos e histórico\historico_transacoes (10).pdf","03 Finanças\Criptomoedas - extratos e histórico","Histórico de investimentos","Movido"
"C:\Users\Eudes\Downloads\PDFs\historico_transacoes (2).pdf","C:\Users\Eudes\Downloads\PDFs\03 Finanças\Criptomoedas - extratos e histórico\historico_transacoes (2).pdf","03 Finanças\Criptomoedas - extratos e histórico","Histórico de investimentos","Movido"
"C:\Users\Eudes\Downloads\PDFs\historico_transacoes (3).pdf","C:\Users\Eudes\Downloads\PDFs\03 Finanças\Criptomoedas - extratos e histórico\historico_transacoes (3).pdf","03 Finanças\Criptomoedas - extratos e histórico","Histórico de investimentos","Movido"
"C:\Users\Eudes\Downloads\PDFs\historico_transacoes (4).pdf","C:\Users\Eudes\Downloads\PDFs\03 Finanças\Criptomoedas - extratos e histórico\historico_transacoes (4).pdf","03 Finanças\Criptomoedas - extratos e histórico","Histórico de investimentos","Movido"
"C:\Users\Eudes\Downloads\PDFs\historico_transacoes (5).pdf","C:\Users\Eudes\Downloads\PDFs\03 Finanças\Criptomoedas - extratos e histórico\historico_transacoes (5).pdf","03 Finanças\Criptomoedas - extratos e histórico","Histórico de investimentos","Movido"
"C:\Users\Eudes\Downloads\PDFs\historico_transacoes (6).pdf","C:\Users\Eudes\Downloads\PDFs\03 Finanças\Criptomoedas - extratos e histórico\historico_transacoes (6).pdf","03 Finanças\Criptomoedas - extratos e histórico","Histórico de investimentos","Movido"
"C:\Users\Eudes\Downloads\PDFs\historico_transacoes (7).pdf","C:\Users\Eudes\Downloads\PDFs\03 Finanças\Criptomoedas - extratos e histórico\historico_transacoes (7).pdf","03 Finanças\Criptomoedas - extratos e histórico","Histórico de investimentos","Movido"
"C:\Users\Eudes\Downloads\PDFs\historico_transacoes (8).pdf","C:\Users\Eudes\Downloads\PDFs\03 Finanças\Criptomoedas - extratos e histórico\historico_transacoes (8).pdf","03 Finanças\Criptomoedas - extratos e histórico","Histórico de investimentos","Movido"
"C:\Users\Eudes\Downloads\PDFs\historico_transacoes (9).pdf","C:\Users\Eudes\Downloads\PDFs\03 Finanças\Criptomoedas - extratos e histórico\historico_transacoes (9).pdf","03 Finanças\Criptomoedas - extratos e histórico","Histórico de investimentos","Movido"
"C:\Users\Eudes\Downloads\PDFs\historico_transacoes Testes(4).pdf","C:\Users\Eudes\Downloads\PDFs\03 Finanças\Criptomoedas - extratos e histórico\historico_transacoes Testes(4).pdf","03 Finanças\Criptomoedas - extratos e histórico","Histórico de investimentos","Movido"
"C:\Users\Eudes\Downloads\PDFs\historico_transacoes.pdf","C:\Users\Eudes\Downloads\PDFs\03 Finanças\Criptomoedas - extratos e histórico\historico_transacoes.pdf","03 Finanças\Criptomoedas - extratos e histórico","Histórico de investimentos","Movido"
"C:\Users\Eudes\Downloads\PDFs\Honorato e Oliveira, 2020 - MENSURAÇÃO DO NÍVEL DE ESTRESSE em contact center.pdf","C:\Users\Eudes\Downloads\PDFs\07 Estudos\Qualidade de vida e saúde no trabalho\Honorato e Oliveira, 2020 - MENSURAÇÃO DO NÍVEL DE ESTRESSE em contact center.pdf","07 Estudos\Qualidade de vida e saúde no trabalho","Tema de qualidade de vida no trabalho","Movido"
"C:\Users\Eudes\Downloads\PDFs\ImprimirCRVE (8).pdf","C:\Users\Eudes\Downloads\PDFs\04 Veículos e imóveis\Documentos de veículos\ImprimirCRVE (8).pdf","04 Veículos e imóveis\Documentos de veículos","Documento de veículo; exercício e validade não conferidos","Movido"
"C:\Users\Eudes\Downloads\PDFs\Informacao_Ortognatica_para_Processo_2024_assinado.pdf","C:\Users\Eudes\Downloads\PDFs\02 Saúde\Procedimentos e autorizações\Informacao_Ortognatica_para_Processo_2024_assinado.pdf","02 Saúde\Procedimentos e autorizações","Documento relacionado a procedimento de saúde","Movido"
"C:\Users\Eudes\Downloads\PDFs\Informacao_para_Processo_Ortognatica_assinado.pdf","C:\Users\Eudes\Downloads\PDFs\02 Saúde\Procedimentos e autorizações\Informacao_para_Processo_Ortognatica_assinado.pdf","02 Saúde\Procedimentos e autorizações","Documento relacionado a procedimento de saúde","Movido"
"C:\Users\Eudes\Downloads\PDFs\Informativo - Desafio Sol Nascente 2022.2.pdf","C:\Users\Eudes\Downloads\PDFs\99 Revisar conteúdo\Assunto a confirmar\Informativo - Desafio Sol Nascente 2022.2.pdf","99 Revisar conteúdo\Assunto a confirmar","Nome insuficiente para classificação segura","Movido"
"C:\Users\Eudes\Downloads\PDFs\INOVAÇÃO E CULTURA ORGANIZACIONAL inovação.pdf","C:\Users\Eudes\Downloads\PDFs\07 Estudos\Gestão organizações e inovação\INOVAÇÃO E CULTURA ORGANIZACIONAL inovação.pdf","07 Estudos\Gestão organizações e inovação","Tema de gestão e organizações","Movido"
"C:\Users\Eudes\Downloads\PDFs\inscricao_pronasci_05090365466.pdf","C:\Users\Eudes\Downloads\PDFs\09 Trabalho\CIOSP SESED e pessoal\inscricao_pronasci_05090365466.pdf","09 Trabalho\CIOSP SESED e pessoal","Organização e atividade institucional","Movido"
"C:\Users\Eudes\Downloads\PDFs\Integridade (1).pdf","C:\Users\Eudes\Downloads\PDFs\08 Religião e leituras\Bíblia teologia e reflexões\Integridade (1).pdf","08 Religião e leituras\Bíblia teologia e reflexões","Material religioso","Movido"
"C:\Users\Eudes\Downloads\PDFs\IPTU Verona 2022.pdf","C:\Users\Eudes\Downloads\PDFs\03 Finanças\Boletos faturas impostos e notas\IPTU Verona 2022.pdf","03 Finanças\Boletos faturas impostos e notas","Cobrança ou documento fiscal; conferir conteúdo","Movido"
"C:\Users\Eudes\Downloads\PDFs\itaucard_•••• 8127_fatura_2021-12.pdf","C:\Users\Eudes\Downloads\PDFs\03 Finanças\Boletos faturas impostos e notas\itaucard_•••• 8127_fatura_2021-12.pdf","03 Finanças\Boletos faturas impostos e notas","Cobrança ou documento fiscal; conferir conteúdo","Movido"
"C:\Users\Eudes\Downloads\PDFs\LA9574035UFMF-b594b8cd-b4cc-4a0f-9315-33e58f96a5b7-cuv.pdf","C:\Users\Eudes\Downloads\PDFs\99 Revisar conteúdo\Assunto a confirmar\LA9574035UFMF-b594b8cd-b4cc-4a0f-9315-33e58f96a5b7-cuv.pdf","99 Revisar conteúdo\Assunto a confirmar","Nome insuficiente para classificação segura","Movido"
"C:\Users\Eudes\Downloads\PDFs\LCC_online_18_05_2021 (1).pdf","C:\Users\Eudes\Downloads\PDFs\99 Revisar conteúdo\Assunto a confirmar\LCC_online_18_05_2021 (1).pdf","99 Revisar conteúdo\Assunto a confirmar","Nome insuficiente para classificação segura","Movido"
"C:\Users\Eudes\Downloads\PDFs\Lei_Comp_230_RN.pdf","C:\Users\Eudes\Downloads\PDFs\09 Trabalho\Legislação editais e boletins\Lei_Comp_230_RN.pdf","09 Trabalho\Legislação editais e boletins","Norma ou publicação administrativa","Movido"
"C:\Users\Eudes\Downloads\PDFs\Lição 4 Juvenis 2023 1 TRI.pdf","C:\Users\Eudes\Downloads\PDFs\08 Religião e leituras\Bíblia teologia e reflexões\Lição 4 Juvenis 2023 1 TRI.pdf","08 Religião e leituras\Bíblia teologia e reflexões","Material religioso","Movido"
"C:\Users\Eudes\Downloads\PDFs\Lição_3_Adolescentes_26_(2).pdf","C:\Users\Eudes\Downloads\PDFs\08 Religião e leituras\Bíblia teologia e reflexões\Lição_3_Adolescentes_26_(2).pdf","08 Religião e leituras\Bíblia teologia e reflexões","Material religioso","Movido"
"C:\Users\Eudes\Downloads\PDFs\Lições Bíblicas Juvenis, Prof. 3⁰ Trim.2022.pdf","C:\Users\Eudes\Downloads\PDFs\08 Religião e leituras\Bíblia teologia e reflexões\Lições Bíblicas Juvenis, Prof. 3⁰ Trim.2022.pdf","08 Religião e leituras\Bíblia teologia e reflexões","Material religioso","Movido"
"C:\Users\Eudes\Downloads\PDFs\LIDERANÇA EFICAZ O PODER E A INFLUÊNCIA DE UM LÍDER NO COMPORTAMENTO ORGANIZACIONAL DE UMA EMPRESA.pdf","C:\Users\Eudes\Downloads\PDFs\07 Estudos\Gestão organizações e inovação\LIDERANÇA EFICAZ O PODER E A INFLUÊNCIA DE UM LÍDER NO COMPORTAMENTO ORGANIZACIONAL DE UMA EMPRESA.pdf","07 Estudos\Gestão organizações e inovação","Tema de gestão e organizações","Movido"
"C:\Users\Eudes\Downloads\PDFs\Light Grayish Orange Wedding Label (1).pdf","C:\Users\Eudes\Downloads\PDFs\01 Pessoal\Casamento e cerimônia\Light Grayish Orange Wedding Label (1).pdf","01 Pessoal\Casamento e cerimônia","Material de casamento ou cerimônia","Movido"
"C:\Users\Eudes\Downloads\PDFs\Light Grayish Orange Wedding Label.pdf","C:\Users\Eudes\Downloads\PDFs\01 Pessoal\Casamento e cerimônia\Light Grayish Orange Wedding Label.pdf","01 Pessoal\Casamento e cerimônia","Material de casamento ou cerimônia","Movido"
"C:\Users\Eudes\Downloads\PDFs\LIVRO JUDAICO DOS PORQUÊS.pdf","C:\Users\Eudes\Downloads\PDFs\08 Religião e leituras\Bíblia teologia e reflexões\LIVRO JUDAICO DOS PORQUÊS.pdf","08 Religião e leituras\Bíblia teologia e reflexões","Material religioso","Movido"
"C:\Users\Eudes\Downloads\PDFs\LIVROS JAN A ABR.pdf","C:\Users\Eudes\Downloads\PDFs\08 Religião e leituras\Livros e desenvolvimento pessoal\LIVROS JAN A ABR.pdf","08 Religião e leituras\Livros e desenvolvimento pessoal","Leitura e desenvolvimento pessoal","Movido"
"C:\Users\Eudes\Downloads\PDFs\lucianasouza-journal-manager-segurana-pblica.pdf","C:\Users\Eudes\Downloads\PDFs\07 Estudos\Ciências policiais e segurança pública\lucianasouza-journal-manager-segurana-pblica.pdf","07 Estudos\Ciências policiais e segurança pública","Estudos de segurança pública","Movido"
"C:\Users\Eudes\Downloads\PDFs\m050355575012207830.pdf","C:\Users\Eudes\Downloads\PDFs\99 Revisar conteúdo\Nomes genéricos e códigos\m050355575012207830.pdf","99 Revisar conteúdo\Nomes genéricos e códigos","Não é possível inferir o assunto pelo nome","Movido"
"C:\Users\Eudes\Downloads\PDFs\m050763559000952817.pdf","C:\Users\Eudes\Downloads\PDFs\99 Revisar conteúdo\Nomes genéricos e códigos\m050763559000952817.pdf","99 Revisar conteúdo\Nomes genéricos e códigos","Não é possível inferir o assunto pelo nome","Movido"
"C:\Users\Eudes\Downloads\PDFs\Maj_Freitas_LCDT_RELATORIO_DOCENTE_CFO_2023_assinado.pdf","C:\Users\Eudes\Downloads\PDFs\09 Trabalho\Processos SEI ofícios e relatórios\Maj_Freitas_LCDT_RELATORIO_DOCENTE_CFO_2023_assinado.pdf","09 Trabalho\Processos SEI ofícios e relatórios","Documento administrativo","Movido"
"C:\Users\Eudes\Downloads\PDFs\Maj_Freitas_Pre_projeto_CSP_2022.pdf","C:\Users\Eudes\Downloads\PDFs\07 Estudos\TCC e metodologia científica\Maj_Freitas_Pre_projeto_CSP_2022.pdf","07 Estudos\TCC e metodologia científica","Pesquisa e trabalho acadêmico","Movido"
"C:\Users\Eudes\Downloads\PDFs\Manual de orientação para prod. de TCC (1).pdf final 2021.pdf","C:\Users\Eudes\Downloads\PDFs\07 Estudos\TCC e metodologia científica\Manual de orientação para prod. de TCC (1).pdf final 2021.pdf","07 Estudos\TCC e metodologia científica","Pesquisa e trabalho acadêmico","Movido"
"C:\Users\Eudes\Downloads\PDFs\MANUAL DE REDAO POLICIAL-MILITAR - Paulo Csar Luz Nunes (1).pdf","C:\Users\Eudes\Downloads\PDFs\09 Trabalho\Manuais e procedimentos\MANUAL DE REDAO POLICIAL-MILITAR - Paulo Csar Luz Nunes (1).pdf","09 Trabalho\Manuais e procedimentos","Manual de trabalho","Movido"
"C:\Users\Eudes\Downloads\PDFs\MANUAL DO TRABALHO CONCLUSAO DE CURSO -ATUALIZADO.pdf","C:\Users\Eudes\Downloads\PDFs\07 Estudos\Aulas atividades e formulários\MANUAL DO TRABALHO CONCLUSAO DE CURSO -ATUALIZADO.pdf","07 Estudos\Aulas atividades e formulários","Material de curso ou atividade","Movido"
"C:\Users\Eudes\Downloads\PDFs\manual_de_redacao_oficial_da_pmpa.pdf","C:\Users\Eudes\Downloads\PDFs\09 Trabalho\Manuais e procedimentos\manual_de_redacao_oficial_da_pmpa.pdf","09 Trabalho\Manuais e procedimentos","Manual de trabalho","Movido"
"C:\Users\Eudes\Downloads\PDFs\Mapa da Organização Operacional da PMRN 25nov21-1.pdf","C:\Users\Eudes\Downloads\PDFs\09 Trabalho\CIOSP SESED e pessoal\Mapa da Organização Operacional da PMRN 25nov21-1.pdf","09 Trabalho\CIOSP SESED e pessoal","Organização e atividade institucional","Movido"
"C:\Users\Eudes\Downloads\PDFs\Memorando 3 2021 (1).pdf","C:\Users\Eudes\Downloads\PDFs\09 Trabalho\Processos SEI ofícios e relatórios\Memorando 3 2021 (1).pdf","09 Trabalho\Processos SEI ofícios e relatórios","Documento administrativo","Movido"
"C:\Users\Eudes\Downloads\PDFs\Menu Final.pdf","C:\Users\Eudes\Downloads\PDFs\01 Pessoal\Casamento e cerimônia\Menu Final.pdf","01 Pessoal\Casamento e cerimônia","Material de casamento ou cerimônia","Movido"
"C:\Users\Eudes\Downloads\PDFs\Mini Wedding 2023.24.pdf","C:\Users\Eudes\Downloads\PDFs\01 Pessoal\Casamento e cerimônia\Mini Wedding 2023.24.pdf","01 Pessoal\Casamento e cerimônia","Material de casamento ou cerimônia","Movido"
"C:\Users\Eudes\Downloads\PDFs\MODELO DE ARTIGO COM APLICAÇÃO DE QUESTIONÁRIO .pdf","C:\Users\Eudes\Downloads\PDFs\07 Estudos\Artigos e publicações - identificar tema\MODELO DE ARTIGO COM APLICAÇÃO DE QUESTIONÁRIO .pdf","07 Estudos\Artigos e publicações - identificar tema","Publicação cujo assunto não está claro no nome","Movido"
"C:\Users\Eudes\Downloads\PDFs\MODELO DE ARTIGO COM TRABALHO DE CAMPO COM QUEST VALIDADO .pdf","C:\Users\Eudes\Downloads\PDFs\07 Estudos\Artigos e publicações - identificar tema\MODELO DE ARTIGO COM TRABALHO DE CAMPO COM QUEST VALIDADO .pdf","07 Estudos\Artigos e publicações - identificar tema","Publicação cujo assunto não está claro no nome","Movido"
"C:\Users\Eudes\Downloads\PDFs\MODELO DE ARTIGO COM TRABALHO DE CAMPO COM USO DE ESCALA.pdf","C:\Users\Eudes\Downloads\PDFs\07 Estudos\Artigos e publicações - identificar tema\MODELO DE ARTIGO COM TRABALHO DE CAMPO COM USO DE ESCALA.pdf","07 Estudos\Artigos e publicações - identificar tema","Publicação cujo assunto não está claro no nome","Movido"
"C:\Users\Eudes\Downloads\PDFs\Modelo de Carta do Futuro - PIOR ANO 2022.pdf","C:\Users\Eudes\Downloads\PDFs\08 Religião e leituras\Livros e desenvolvimento pessoal\Modelo de Carta do Futuro - PIOR ANO 2022.pdf","08 Religião e leituras\Livros e desenvolvimento pessoal","Leitura e desenvolvimento pessoal","Movido"
"C:\Users\Eudes\Downloads\PDFs\Modelo de Governança e Gestão – Gestaopublicagov.br - Visão Geral e Sistema_compressed.pdf","C:\Users\Eudes\Downloads\PDFs\07 Estudos\Gestão organizações e inovação\Modelo de Governança e Gestão – Gestaopublicagov.br - Visão Geral e Sistema_compressed.pdf","07 Estudos\Gestão organizações e inovação","Tema de gestão e organizações","Movido"
"C:\Users\Eudes\Downloads\PDFs\Modelo de Governança e Gestão – Gestaopublicagov.br - Visão Geral e Sistema.pdf","C:\Users\Eudes\Downloads\PDFs\07 Estudos\Gestão organizações e inovação\Modelo de Governança e Gestão – Gestaopublicagov.br - Visão Geral e Sistema.pdf","07 Estudos\Gestão organizações e inovação","Tema de gestão e organizações","Movido"
"C:\Users\Eudes\Downloads\PDFs\Modelo para ficha de cadastro.pdf","C:\Users\Eudes\Downloads\PDFs\07 Estudos\Inscrições e cadastros\Modelo para ficha de cadastro.pdf","07 Estudos\Inscrições e cadastros","Inscrição ou cadastro; finalidade ainda a conferir","Movido"
"C:\Users\Eudes\Downloads\PDFs\modelo plano de ação 2021 FISPDS.pdf","C:\Users\Eudes\Downloads\PDFs\09 Trabalho\Planejamento orçamento e projetos\modelo plano de ação 2021 FISPDS.pdf","09 Trabalho\Planejamento orçamento e projetos","Planejamento e projetos","Movido"
"C:\Users\Eudes\Downloads\PDFs\Modelo Projeto SESED-RN_19mai21.pdf","C:\Users\Eudes\Downloads\PDFs\09 Trabalho\CIOSP SESED e pessoal\Modelo Projeto SESED-RN_19mai21.pdf","09 Trabalho\CIOSP SESED e pessoal","Organização e atividade institucional","Movido"
"C:\Users\Eudes\Downloads\PDFs\modelo_de_governanca_e_gestao_gestaopublicagovbr_visao_geral_e_sistema_turma_nov2024_certificado.pdf","C:\Users\Eudes\Downloads\PDFs\01 Pessoal\Certificados diplomas e certidões permanentes\modelo_de_governanca_e_gestao_gestaopublicagovbr_visao_geral_e_sistema_turma_nov2024_certificado.pdf","01 Pessoal\Certificados diplomas e certidões permanentes","Documento pessoal ou comprovação de formação; preservar para análise","Movido"
"C:\Users\Eudes\Downloads\PDFs\Modelo_Planejamento Estratratégico de Pessoas_Avaliação Final Grupo CSP.pdf","C:\Users\Eudes\Downloads\PDFs\07 Estudos\Aulas atividades e formulários\Modelo_Planejamento Estratratégico de Pessoas_Avaliação Final Grupo CSP.pdf","07 Estudos\Aulas atividades e formulários","Material de curso ou atividade","Movido"
"C:\Users\Eudes\Downloads\PDFs\movimentacao-2022-05-30-01-53-57.pdf","C:\Users\Eudes\Downloads\PDFs\03 Finanças\Bolsa - posições e relatórios\movimentacao-2022-05-30-01-53-57.pdf","03 Finanças\Bolsa - posições e relatórios","Posições e relatórios financeiros","Movido"
"C:\Users\Eudes\Downloads\PDFs\multiplica-abr21.pdf","C:\Users\Eudes\Downloads\PDFs\99 Revisar conteúdo\Assunto a confirmar\multiplica-abr21.pdf","99 Revisar conteúdo\Assunto a confirmar","Nome insuficiente para classificação segura","Movido"
"C:\Users\Eudes\Downloads\PDFs\negociacao-2022-05-31-21-05-18.pdf","C:\Users\Eudes\Downloads\PDFs\03 Finanças\Bolsa - notas e operações\negociacao-2022-05-31-21-05-18.pdf","03 Finanças\Bolsa - notas e operações","Operações e notas de investimentos","Movido"
"C:\Users\Eudes\Downloads\PDFs\Neoenergia Cosern - Fatura Digital (1).pdf","C:\Users\Eudes\Downloads\PDFs\03 Finanças\Contas de energia\Neoenergia Cosern - Fatura Digital (1).pdf","03 Finanças\Contas de energia","Conta de consumo; conferir pagamento e utilidade como comprovante","Movido"
"C:\Users\Eudes\Downloads\PDFs\Neoenergia Cosern - Fatura Digital Mes.pdf","C:\Users\Eudes\Downloads\PDFs\03 Finanças\Contas de energia\Neoenergia Cosern - Fatura Digital Mes.pdf","03 Finanças\Contas de energia","Conta de consumo; conferir pagamento e utilidade como comprovante","Movido"
"C:\Users\Eudes\Downloads\PDFs\Neoenergia Cosern - Fatura Digital.pdf","C:\Users\Eudes\Downloads\PDFs\03 Finanças\Contas de energia\Neoenergia Cosern - Fatura Digital.pdf","03 Finanças\Contas de energia","Conta de consumo; conferir pagamento e utilidade como comprovante","Movido"
"C:\Users\Eudes\Downloads\PDFs\NFSe-FREITAS.pdf","C:\Users\Eudes\Downloads\PDFs\03 Finanças\Boletos faturas impostos e notas\NFSe-FREITAS.pdf","03 Finanças\Boletos faturas impostos e notas","Cobrança ou documento fiscal; conferir conteúdo","Movido"
"C:\Users\Eudes\Downloads\PDFs\no contexto folosófico greco-romano daquele moment.pdf","C:\Users\Eudes\Downloads\PDFs\08 Religião e leituras\Bíblia teologia e reflexões\no contexto folosófico greco-romano daquele moment.pdf","08 Religião e leituras\Bíblia teologia e reflexões","Material religioso","Movido"
"C:\Users\Eudes\Downloads\PDFs\Normalizao_2018_BCZM.pdf","C:\Users\Eudes\Downloads\PDFs\07 Estudos\TCC e metodologia científica\Normalizao_2018_BCZM.pdf","07 Estudos\TCC e metodologia científica","Pesquisa e trabalho acadêmico","Movido"
"C:\Users\Eudes\Downloads\PDFs\NOTA_90_EUDES_DE.pdf","C:\Users\Eudes\Downloads\PDFs\03 Finanças\Boletos faturas impostos e notas\NOTA_90_EUDES_DE.pdf","03 Finanças\Boletos faturas impostos e notas","Cobrança ou documento fiscal; conferir conteúdo","Movido"
"C:\Users\Eudes\Downloads\PDFs\NotaNegociacao_2047646_20240115.pdf","C:\Users\Eudes\Downloads\PDFs\03 Finanças\Bolsa - notas e operações\NotaNegociacao_2047646_20240115.pdf","03 Finanças\Bolsa - notas e operações","Operações e notas de investimentos","Movido"
"C:\Users\Eudes\Downloads\PDFs\NotaNegociacao_2047646_20240423.pdf","C:\Users\Eudes\Downloads\PDFs\03 Finanças\Bolsa - notas e operações\NotaNegociacao_2047646_20240423.pdf","03 Finanças\Bolsa - notas e operações","Operações e notas de investimentos","Movido"
"C:\Users\Eudes\Downloads\PDFs\NotebookLM Mind Map (1).pdf","C:\Users\Eudes\Downloads\PDFs\08 Religião e leituras\Livros e desenvolvimento pessoal\NotebookLM Mind Map (1).pdf","08 Religião e leituras\Livros e desenvolvimento pessoal","Leitura e desenvolvimento pessoal","Movido"
"C:\Users\Eudes\Downloads\PDFs\NU_667784823_01AGO2024_31AGO2024.pdf","C:\Users\Eudes\Downloads\PDFs\03 Finanças\Extratos comprovantes e demonstrativos\NU_667784823_01AGO2024_31AGO2024.pdf","03 Finanças\Extratos comprovantes e demonstrativos","Finalidade ou obrigação financeira não confirmada; revisar conteúdo","Movido"
"C:\Users\Eudes\Downloads\PDFs\NU_667784823_01JUL2024_31JUL2024.pdf","C:\Users\Eudes\Downloads\PDFs\03 Finanças\Extratos comprovantes e demonstrativos\NU_667784823_01JUL2024_31JUL2024.pdf","03 Finanças\Extratos comprovantes e demonstrativos","Finalidade ou obrigação financeira não confirmada; revisar conteúdo","Movido"
"C:\Users\Eudes\Downloads\PDFs\NU_667784823_01JUN2024_30JUN2024.pdf","C:\Users\Eudes\Downloads\PDFs\03 Finanças\Extratos comprovantes e demonstrativos\NU_667784823_01JUN2024_30JUN2024.pdf","03 Finanças\Extratos comprovantes e demonstrativos","Finalidade ou obrigação financeira não confirmada; revisar conteúdo","Movido"
"C:\Users\Eudes\Downloads\PDFs\NU_667784823_01NOV2024_30NOV2024.pdf","C:\Users\Eudes\Downloads\PDFs\03 Finanças\Extratos comprovantes e demonstrativos\NU_667784823_01NOV2024_30NOV2024.pdf","03 Finanças\Extratos comprovantes e demonstrativos","Finalidade ou obrigação financeira não confirmada; revisar conteúdo","Movido"
"C:\Users\Eudes\Downloads\PDFs\NU_667784823_01OUT2024_31OUT2024.pdf","C:\Users\Eudes\Downloads\PDFs\03 Finanças\Extratos comprovantes e demonstrativos\NU_667784823_01OUT2024_31OUT2024.pdf","03 Finanças\Extratos comprovantes e demonstrativos","Finalidade ou obrigação financeira não confirmada; revisar conteúdo","Movido"
"C:\Users\Eudes\Downloads\PDFs\NU_667784823_01SET2024_30SET2024.pdf","C:\Users\Eudes\Downloads\PDFs\03 Finanças\Extratos comprovantes e demonstrativos\NU_667784823_01SET2024_30SET2024.pdf","03 Finanças\Extratos comprovantes e demonstrativos","Finalidade ou obrigação financeira não confirmada; revisar conteúdo","Movido"
"C:\Users\Eudes\Downloads\PDFs\O Novo paradigma.pdf","C:\Users\Eudes\Downloads\PDFs\08 Religião e leituras\Livros e desenvolvimento pessoal\O Novo paradigma.pdf","08 Religião e leituras\Livros e desenvolvimento pessoal","Leitura e desenvolvimento pessoal","Movido"
"C:\Users\Eudes\Downloads\PDFs\o_estudo_de_caso_como_modalidade_de_pesquisa.pdf","C:\Users\Eudes\Downloads\PDFs\07 Estudos\TCC e metodologia científica\o_estudo_de_caso_como_modalidade_de_pesquisa.pdf","07 Estudos\TCC e metodologia científica","Pesquisa e trabalho acadêmico","Movido"
"C:\Users\Eudes\Downloads\PDFs\Objetivos, Indic, Meta, Ação e Projeto Estratégico - Alinhamento.pdf","C:\Users\Eudes\Downloads\PDFs\09 Trabalho\Planejamento orçamento e projetos\Objetivos, Indic, Meta, Ação e Projeto Estratégico - Alinhamento.pdf","09 Trabalho\Planejamento orçamento e projetos","Planejamento e projetos","Movido"
"C:\Users\Eudes\Downloads\PDFs\Ofício GAC Alimentação.pdf","C:\Users\Eudes\Downloads\PDFs\09 Trabalho\Processos SEI ofícios e relatórios\Ofício GAC Alimentação.pdf","09 Trabalho\Processos SEI ofícios e relatórios","Documento administrativo","Movido"
"C:\Users\Eudes\Downloads\PDFs\OFÍCIO Nº 76_2020_SESED - GS_SESED - SECRETÁRIO.pdf","C:\Users\Eudes\Downloads\PDFs\09 Trabalho\Processos SEI ofícios e relatórios\OFÍCIO Nº 76_2020_SESED - GS_SESED - SECRETÁRIO.pdf","09 Trabalho\Processos SEI ofícios e relatórios","Documento administrativo","Movido"
"C:\Users\Eudes\Downloads\PDFs\Ofício-Circular Mestrado Gestão do Conhecimento.pdf","C:\Users\Eudes\Downloads\PDFs\07 Estudos\Gestão do conhecimento\Ofício-Circular Mestrado Gestão do Conhecimento.pdf","07 Estudos\Gestão do conhecimento","Tema de gestão do conhecimento","Movido"
"C:\Users\Eudes\Downloads\PDFs\Oramento_e_Planejamento_Estratgico.pdf","C:\Users\Eudes\Downloads\PDFs\09 Trabalho\Planejamento orçamento e projetos\Oramento_e_Planejamento_Estratgico.pdf","09 Trabalho\Planejamento orçamento e projetos","Planejamento e projetos","Movido"
"C:\Users\Eudes\Downloads\PDFs\Organograma Maximus Consult.pdf","C:\Users\Eudes\Downloads\PDFs\09 Trabalho\Consultoria e comunicação\Organograma Maximus Consult.pdf","09 Trabalho\Consultoria e comunicação","Material profissional","Movido"
"C:\Users\Eudes\Downloads\PDFs\Os Sete Pecados da Vale - Eudes e Matheus.pdf","C:\Users\Eudes\Downloads\PDFs\07 Estudos\Aulas atividades e formulários\Os Sete Pecados da Vale - Eudes e Matheus.pdf","07 Estudos\Aulas atividades e formulários","Atividade de curso","Movido"
"C:\Users\Eudes\Downloads\PDFs\Os_Essênios_e_os_pergaminhos_sagrados_de_Nag_Hammadi_e_do_Mar_Morto.pdf","C:\Users\Eudes\Downloads\PDFs\08 Religião e leituras\Bíblia teologia e reflexões\Os_Essênios_e_os_pergaminhos_sagrados_de_Nag_Hammadi_e_do_Mar_Morto.pdf","08 Religião e leituras\Bíblia teologia e reflexões","Material religioso","Movido"
"C:\Users\Eudes\Downloads\PDFs\Pablo Marçal - O PIOR ANO DA SUA VIDA [E-BOOK] - Cópia.pdf","C:\Users\Eudes\Downloads\PDFs\08 Religião e leituras\Livros e desenvolvimento pessoal\Pablo Marçal - O PIOR ANO DA SUA VIDA [E-BOOK] - Cópia.pdf","08 Religião e leituras\Livros e desenvolvimento pessoal","Leitura e desenvolvimento pessoal","Movido"
"C:\Users\Eudes\Downloads\PDFs\passaporte EudFRT.pdf","C:\Users\Eudes\Downloads\PDFs\01 Pessoal\Identificação\passaporte EudFRT.pdf","01 Pessoal\Identificação","Documento de identificação","Movido"
"C:\Users\Eudes\Downloads\PDFs\Paul_s_First_Expedition.pdf","C:\Users\Eudes\Downloads\PDFs\08 Religião e leituras\Bíblia teologia e reflexões\Paul_s_First_Expedition.pdf","08 Religião e leituras\Bíblia teologia e reflexões","Material religioso","Movido"
"C:\Users\Eudes\Downloads\PDFs\PDF_PAE_55649716032021 172400070.pdf - processo semut 02.pdf","C:\Users\Eudes\Downloads\PDFs\05 Jurídico\Contratos processos e procurações\PDF_PAE_55649716032021 172400070.pdf - processo semut 02.pdf","05 Jurídico\Contratos processos e procurações","Documento jurídico; preservar para análise","Movido"
"C:\Users\Eudes\Downloads\PDFs\PECI_-_RAP_-_Governana_e_New_Public_Management_-_2008.pdf","C:\Users\Eudes\Downloads\PDFs\07 Estudos\Gestão organizações e inovação\PECI_-_RAP_-_Governana_e_New_Public_Management_-_2008.pdf","07 Estudos\Gestão organizações e inovação","Tema de gestão e organizações","Movido"
"C:\Users\Eudes\Downloads\PDFs\periodicos,+04+-+COMPARAÇÃO+DA+QUALIDADE.pdf","C:\Users\Eudes\Downloads\PDFs\07 Estudos\Qualidade de vida e saúde no trabalho\periodicos,+04+-+COMPARAÇÃO+DA+QUALIDADE.pdf","07 Estudos\Qualidade de vida e saúde no trabalho","Tema de qualidade de vida no trabalho","Movido"
"C:\Users\Eudes\Downloads\PDFs\PLANILHAS_DE_CRONOGRAMA_para_todos__ORAMENTO_para_Projeto_Interveno.pdf","C:\Users\Eudes\Downloads\PDFs\09 Trabalho\Planejamento orçamento e projetos\PLANILHAS_DE_CRONOGRAMA_para_todos__ORAMENTO_para_Projeto_Interveno.pdf","09 Trabalho\Planejamento orçamento e projetos","Planejamento e projetos","Movido"
"C:\Users\Eudes\Downloads\PDFs\Plano a Operação Petróleo Rea_SESED_ v01.pdf","C:\Users\Eudes\Downloads\PDFs\09 Trabalho\Planos de operações\Sugestão de descarte\Plano a Operação Petróleo Rea_SESED_ v01.pdf","09 Trabalho\Planos de operações\Sugestão de descarte","Possível versão anterior: existe arquivo de nome semelhante marcado Final; comparar antes de excluir","Movido"
"C:\Users\Eudes\Downloads\PDFs\Plano a Operação Petróleo Rea_SESED_Final.pdf","C:\Users\Eudes\Downloads\PDFs\09 Trabalho\Planos de operações\Plano a Operação Petróleo Rea_SESED_Final.pdf","09 Trabalho\Planos de operações","Planejamento operacional","Movido"
"C:\Users\Eudes\Downloads\PDFs\Plano de Atuação Integrada - Op. Petroleo Real - Versal 1.1.pdf","C:\Users\Eudes\Downloads\PDFs\09 Trabalho\Planos de operações\Plano de Atuação Integrada - Op. Petroleo Real - Versal 1.1.pdf","09 Trabalho\Planos de operações","Planejamento operacional","Movido"
"C:\Users\Eudes\Downloads\PDFs\Plano de Trabalho UFRN Corpo de Bombeiros.pdf","C:\Users\Eudes\Downloads\PDFs\09 Trabalho\Planejamento orçamento e projetos\Plano de Trabalho UFRN Corpo de Bombeiros.pdf","09 Trabalho\Planejamento orçamento e projetos","Plano ou reunião de trabalho","Movido"
"C:\Users\Eudes\Downloads\PDFs\Plano Estratégico 20252034 - SESED.pdf","C:\Users\Eudes\Downloads\PDFs\09 Trabalho\Planejamento orçamento e projetos\Plano Estratégico 20252034 - SESED.pdf","09 Trabalho\Planejamento orçamento e projetos","Planejamento e projetos","Movido"
"C:\Users\Eudes\Downloads\PDFs\Plano Estratégico SESED.docx_compressed.pdf","C:\Users\Eudes\Downloads\PDFs\09 Trabalho\Planejamento orçamento e projetos\Plano Estratégico SESED.docx_compressed.pdf","09 Trabalho\Planejamento orçamento e projetos","Planejamento e projetos","Movido"
"C:\Users\Eudes\Downloads\PDFs\Plano Estratégico SESED.docx.pdf","C:\Users\Eudes\Downloads\PDFs\09 Trabalho\Planejamento orçamento e projetos\Plano Estratégico SESED.docx.pdf","09 Trabalho\Planejamento orçamento e projetos","Planejamento e projetos","Movido"
"C:\Users\Eudes\Downloads\PDFs\Plano Operação Narco Brasil.pdf","C:\Users\Eudes\Downloads\PDFs\09 Trabalho\Planos de operações\Plano Operação Narco Brasil.pdf","09 Trabalho\Planos de operações","Planejamento operacional","Movido"
"C:\Users\Eudes\Downloads\PDFs\Plano_ensino_EOC_T02_UFRN_jun21.pdf","C:\Users\Eudes\Downloads\PDFs\07 Estudos\Aulas atividades e formulários\Plano_ensino_EOC_T02_UFRN_jun21.pdf","07 Estudos\Aulas atividades e formulários","Material de curso ou atividade","Movido"
"C:\Users\Eudes\Downloads\PDFs\plano_programa.pdf","C:\Users\Eudes\Downloads\PDFs\99 Revisar conteúdo\Assunto a confirmar\plano_programa.pdf","99 Revisar conteúdo\Assunto a confirmar","Nome insuficiente para classificação segura","Movido"
"C:\Users\Eudes\Downloads\PDFs\pm-manual-de-padronizacao-dos-modelos-de-documentos-finalizada-2--ed.-2022.pdf","C:\Users\Eudes\Downloads\PDFs\09 Trabalho\Manuais e procedimentos\pm-manual-de-padronizacao-dos-modelos-de-documentos-finalizada-2--ed.-2022.pdf","09 Trabalho\Manuais e procedimentos","Manual de trabalho","Movido"
"C:\Users\Eudes\Downloads\PDFs\POP NA PMRN RIBSP 2021 FLORENCIO, SAB E HIL.pdf","C:\Users\Eudes\Downloads\PDFs\09 Trabalho\CIOSP SESED e pessoal\POP NA PMRN RIBSP 2021 FLORENCIO, SAB E HIL.pdf","09 Trabalho\CIOSP SESED e pessoal","Organização e atividade institucional","Movido"
"C:\Users\Eudes\Downloads\PDFs\portabilidade-446883.pdf","C:\Users\Eudes\Downloads\PDFs\03 Finanças\Consórcios e crédito\portabilidade-446883.pdf","03 Finanças\Consórcios e crédito","Consórcio ou crédito","Movido"
"C:\Users\Eudes\Downloads\PDFs\Portaria 204_DE_MAR2021_CONTRAN_RN.pdf","C:\Users\Eudes\Downloads\PDFs\09 Trabalho\Legislação editais e boletins\Portaria 204_DE_MAR2021_CONTRAN_RN.pdf","09 Trabalho\Legislação editais e boletins","Norma ou publicação administrativa","Movido"
"C:\Users\Eudes\Downloads\PDFs\PORTARIA MJSP N 426.pdf","C:\Users\Eudes\Downloads\PDFs\09 Trabalho\Legislação editais e boletins\PORTARIA MJSP N 426.pdf","09 Trabalho\Legislação editais e boletins","Norma ou publicação administrativa","Movido"
"C:\Users\Eudes\Downloads\PDFs\Portifólio_Maximus consult.pdf","C:\Users\Eudes\Downloads\PDFs\09 Trabalho\Consultoria e comunicação\Portifólio_Maximus consult.pdf","09 Trabalho\Consultoria e comunicação","Material profissional","Movido"
"C:\Users\Eudes\Downloads\PDFs\portifólio.PDF","C:\Users\Eudes\Downloads\PDFs\09 Trabalho\Consultoria e comunicação\portifólio.PDF","09 Trabalho\Consultoria e comunicação","Material profissional","Movido"
"C:\Users\Eudes\Downloads\PDFs\POS COVID-VACINAS.pdf","C:\Users\Eudes\Downloads\PDFs\02 Saúde\Estudos e informações de saúde\POS COVID-VACINAS.pdf","02 Saúde\Estudos e informações de saúde","Material informativo sobre saúde","Movido"
"C:\Users\Eudes\Downloads\PDFs\posicao_custodia (1).pdf","C:\Users\Eudes\Downloads\PDFs\03 Finanças\Bolsa - posições e relatórios\posicao_custodia (1).pdf","03 Finanças\Bolsa - posições e relatórios","Posições e relatórios financeiros","Movido"
"C:\Users\Eudes\Downloads\PDFs\posicao_custodia.pdf","C:\Users\Eudes\Downloads\PDFs\03 Finanças\Bolsa - posições e relatórios\posicao_custodia.pdf","03 Finanças\Bolsa - posições e relatórios","Posições e relatórios financeiros","Movido"
"C:\Users\Eudes\Downloads\PDFs\posicao-2022-05-28-23-04-41.pdf","C:\Users\Eudes\Downloads\PDFs\03 Finanças\Bolsa - posições e relatórios\posicao-2022-05-28-23-04-41.pdf","03 Finanças\Bolsa - posições e relatórios","Posições e relatórios financeiros","Movido"
"C:\Users\Eudes\Downloads\PDFs\PRÉ PROJETO REVISADO PARA ENTREGA.pdf","C:\Users\Eudes\Downloads\PDFs\07 Estudos\TCC e metodologia científica\PRÉ PROJETO REVISADO PARA ENTREGA.pdf","07 Estudos\TCC e metodologia científica","Pesquisa e trabalho acadêmico","Movido"
"C:\Users\Eudes\Downloads\PDFs\PREFEITURA MUNICIPAL DE SÃO RAFAEL.pdf","C:\Users\Eudes\Downloads\PDFs\99 Revisar conteúdo\Assunto a confirmar\PREFEITURA MUNICIPAL DE SÃO RAFAEL.pdf","99 Revisar conteúdo\Assunto a confirmar","Nome insuficiente para classificação segura","Movido"
"C:\Users\Eudes\Downloads\PDFs\PREPARATÓRIO N3 - TARDE (CRONOGRAMA 2021.III).pdf","C:\Users\Eudes\Downloads\PDFs\07 Estudos\Agendas e grupos de cursos\Sugestão de descarte\PREPARATÓRIO N3 - TARDE (CRONOGRAMA 2021.III).pdf","07 Estudos\Agendas e grupos de cursos\Sugestão de descarte","Agenda ou distribuição de turma: conferir se o curso terminou","Movido"
"C:\Users\Eudes\Downloads\PDFs\PRIMEIRAS DECLARAÇÕES.ADEQUAÇÕES.pdf","C:\Users\Eudes\Downloads\PDFs\05 Jurídico\Contratos processos e procurações\PRIMEIRAS DECLARAÇÕES.ADEQUAÇÕES.pdf","05 Jurídico\Contratos processos e procurações","Documento jurídico; preservar para análise","Movido"
"C:\Users\Eudes\Downloads\PDFs\procuração José Alves p Eudes_1.pdf","C:\Users\Eudes\Downloads\PDFs\05 Jurídico\Contratos processos e procurações\procuração José Alves p Eudes_1.pdf","05 Jurídico\Contratos processos e procurações","Documento jurídico; preservar para análise","Movido"
"C:\Users\Eudes\Downloads\PDFs\Programa-de-Acao-na-Seguranca-21jul2023.pdf","C:\Users\Eudes\Downloads\PDFs\09 Trabalho\Planos de operações\Programa-de-Acao-na-Seguranca-21jul2023.pdf","09 Trabalho\Planos de operações","Planejamento operacional","Movido"
"C:\Users\Eudes\Downloads\PDFs\Projeto2_ATIVIDADE_AVALIATIVA_01_-_EUDFRT.pdf","C:\Users\Eudes\Downloads\PDFs\07 Estudos\Aulas atividades e formulários\Projeto2_ATIVIDADE_AVALIATIVA_01_-_EUDFRT.pdf","07 Estudos\Aulas atividades e formulários","Material de curso ou atividade","Movido"
"C:\Users\Eudes\Downloads\PDFs\pronasci (1).pdf","C:\Users\Eudes\Downloads\PDFs\09 Trabalho\CIOSP SESED e pessoal\pronasci (1).pdf","09 Trabalho\CIOSP SESED e pessoal","Organização e atividade institucional","Movido"
"C:\Users\Eudes\Downloads\PDFs\pronasci.pdf","C:\Users\Eudes\Downloads\PDFs\09 Trabalho\CIOSP SESED e pessoal\pronasci.pdf","09 Trabalho\CIOSP SESED e pessoal","Organização e atividade institucional","Movido"
"C:\Users\Eudes\Downloads\PDFs\Publicacao_digital_2.pdf","C:\Users\Eudes\Downloads\PDFs\99 Revisar conteúdo\Assunto a confirmar\Publicacao_digital_2.pdf","99 Revisar conteúdo\Assunto a confirmar","Nome insuficiente para classificação segura","Movido"
"C:\Users\Eudes\Downloads\PDFs\QQW1F83ImprimirCodigoSegurancaCRVE.pdf","C:\Users\Eudes\Downloads\PDFs\04 Veículos e imóveis\Documentos de veículos\QQW1F83ImprimirCodigoSegurancaCRVE.pdf","04 Veículos e imóveis\Documentos de veículos","Documento de veículo; exercício e validade não conferidos","Movido"
"C:\Users\Eudes\Downloads\PDFs\QQW1F83ImprimirCRVE.pdf","C:\Users\Eudes\Downloads\PDFs\04 Veículos e imóveis\Documentos de veículos\QQW1F83ImprimirCRVE.pdf","04 Veículos e imóveis\Documentos de veículos","Documento de veículo; exercício e validade não conferidos","Movido"
"C:\Users\Eudes\Downloads\PDFs\QTS Atualizado - 14Mai21.pdf","C:\Users\Eudes\Downloads\PDFs\07 Estudos\Agendas e grupos de cursos\Sugestão de descarte\QTS Atualizado - 14Mai21.pdf","07 Estudos\Agendas e grupos de cursos\Sugestão de descarte","Agenda ou distribuição de turma: conferir se o curso terminou","Movido"
"C:\Users\Eudes\Downloads\PDFs\Questionário..pdf","C:\Users\Eudes\Downloads\PDFs\07 Estudos\Aulas atividades e formulários\Questionário..pdf","07 Estudos\Aulas atividades e formulários","Material de curso ou atividade","Movido"
"C:\Users\Eudes\Downloads\PDFs\QWLQ-78InstrumentodeavaliaodaQualidadedeVidanoTrabalho.pdf","C:\Users\Eudes\Downloads\PDFs\07 Estudos\Qualidade de vida e saúde no trabalho\QWLQ-78InstrumentodeavaliaodaQualidadedeVidanoTrabalho.pdf","07 Estudos\Qualidade de vida e saúde no trabalho","Tema de qualidade de vida no trabalho","Movido"
"C:\Users\Eudes\Downloads\PDFs\R%2019598997.pdf","C:\Users\Eudes\Downloads\PDFs\99 Revisar conteúdo\Nomes genéricos e códigos\R%2019598997.pdf","99 Revisar conteúdo\Nomes genéricos e códigos","Não é possível inferir o assunto pelo nome","Movido"
"C:\Users\Eudes\Downloads\PDFs\Reflexão sobre Pai Nosso Matutino.pdf","C:\Users\Eudes\Downloads\PDFs\08 Religião e leituras\Bíblia teologia e reflexões\Reflexão sobre Pai Nosso Matutino.pdf","08 Religião e leituras\Bíblia teologia e reflexões","Material religioso","Movido"
"C:\Users\Eudes\Downloads\PDFs\Relação de PMs vacinados CIOSP.pdf","C:\Users\Eudes\Downloads\PDFs\09 Trabalho\CIOSP SESED e pessoal\Relação de PMs vacinados CIOSP.pdf","09 Trabalho\CIOSP SESED e pessoal","Organização e atividade institucional","Movido"
"C:\Users\Eudes\Downloads\PDFs\RELACAO EFETIVO SESED.pdf","C:\Users\Eudes\Downloads\PDFs\09 Trabalho\CIOSP SESED e pessoal\RELACAO EFETIVO SESED.pdf","09 Trabalho\CIOSP SESED e pessoal","Organização e atividade institucional","Movido"
"C:\Users\Eudes\Downloads\PDFs\Relatório Suicídio de Policiais RN.pdf","C:\Users\Eudes\Downloads\PDFs\07 Estudos\Qualidade de vida e saúde no trabalho\Relatório Suicídio de Policiais RN.pdf","07 Estudos\Qualidade de vida e saúde no trabalho","Tema de qualidade de vida no trabalho","Movido"
"C:\Users\Eudes\Downloads\PDFs\Relatório Trimestral de Atividades - RTA.docx.pdf","C:\Users\Eudes\Downloads\PDFs\07 Estudos\Aulas atividades e formulários\Relatório Trimestral de Atividades - RTA.docx.pdf","07 Estudos\Aulas atividades e formulários","Material de curso ou atividade","Movido"
"C:\Users\Eudes\Downloads\PDFs\relatorio-anual-2022.pdf","C:\Users\Eudes\Downloads\PDFs\03 Finanças\Bolsa - posições e relatórios\relatorio-anual-2022.pdf","03 Finanças\Bolsa - posições e relatórios","Posições e relatórios financeiros","Movido"
"C:\Users\Eudes\Downloads\PDFs\relatorio-consolidado-anual-2025.pdf","C:\Users\Eudes\Downloads\PDFs\03 Finanças\Bolsa - posições e relatórios\relatorio-consolidado-anual-2025.pdf","03 Finanças\Bolsa - posições e relatórios","Posições e relatórios financeiros","Movido"
"C:\Users\Eudes\Downloads\PDFs\relatorio-consolidado-mensal-2026-marco.pdf","C:\Users\Eudes\Downloads\PDFs\03 Finanças\Bolsa - posições e relatórios\relatorio-consolidado-mensal-2026-marco.pdf","03 Finanças\Bolsa - posições e relatórios","Posições e relatórios financeiros","Movido"
"C:\Users\Eudes\Downloads\PDFs\Release 3T20_PORT_vFinal.pdf","C:\Users\Eudes\Downloads\PDFs\03 Finanças\Análises e informes de mercado\Release 3T20_PORT_vFinal.pdf","03 Finanças\Análises e informes de mercado","Informação de mercado de período específico","Movido"
"C:\Users\Eudes\Downloads\PDFs\RelFat1001E_202505291404261640605.pdf","C:\Users\Eudes\Downloads\PDFs\03 Finanças\Boletos faturas impostos e notas\RelFat1001E_202505291404261640605.pdf","03 Finanças\Boletos faturas impostos e notas","Cobrança ou documento fiscal; conferir conteúdo","Movido"
"C:\Users\Eudes\Downloads\PDFs\report_IR_002022 (1).pdf","C:\Users\Eudes\Downloads\PDFs\03 Finanças\Imposto de renda e rendimentos\report_IR_002022 (1).pdf","03 Finanças\Imposto de renda e rendimentos","Documento fiscal; nome não basta para sugerir descarte","Movido"
"C:\Users\Eudes\Downloads\PDFs\requerimento_mudanca_titularidade_declaracao_responsabilidade.pdf","C:\Users\Eudes\Downloads\PDFs\04 Veículos e imóveis\Imóveis e vistorias\requerimento_mudanca_titularidade_declaracao_responsabilidade.pdf","04 Veículos e imóveis\Imóveis e vistorias","Documento relacionado a imóvel ou vistoria","Movido"
"C:\Users\Eudes\Downloads\PDFs\Requerimento_Orientao_Individual_ADM0160_ADM0161_1 (3).pdf","C:\Users\Eudes\Downloads\PDFs\07 Estudos\TCC e metodologia científica\Requerimento_Orientao_Individual_ADM0160_ADM0161_1 (3).pdf","07 Estudos\TCC e metodologia científica","Pesquisa e trabalho acadêmico","Movido"
"C:\Users\Eudes\Downloads\PDFs\Requerimento_Orientao_Individual_ADM0160_ADM0161_1.pdf","C:\Users\Eudes\Downloads\PDFs\07 Estudos\TCC e metodologia científica\Requerimento_Orientao_Individual_ADM0160_ADM0161_1.pdf","07 Estudos\TCC e metodologia científica","Pesquisa e trabalho acadêmico","Movido"
"C:\Users\Eudes\Downloads\PDFs\Requerimento_padro_7_1.pdf","C:\Users\Eudes\Downloads\PDFs\99 Revisar conteúdo\Assunto a confirmar\Requerimento_padro_7_1.pdf","99 Revisar conteúdo\Assunto a confirmar","Nome insuficiente para classificação segura","Movido"
"C:\Users\Eudes\Downloads\PDFs\RESOLUÇÃO 34 BGCB_176_(4ª feira)_2021.pdf","C:\Users\Eudes\Downloads\PDFs\09 Trabalho\Legislação editais e boletins\RESOLUÇÃO 34 BGCB_176_(4ª feira)_2021.pdf","09 Trabalho\Legislação editais e boletins","Norma ou publicação administrativa","Movido"
"C:\Users\Eudes\Downloads\PDFs\Resultado_LAB. DNA CENTER_21128264210533-2.pdf","C:\Users\Eudes\Downloads\PDFs\02 Saúde\Exames e análises\Resultado_LAB. DNA CENTER_21128264210533-2.pdf","02 Saúde\Exames e análises","Histórico de saúde","Movido"
"C:\Users\Eudes\Downloads\PDFs\Resultado_Laboratorio Hemolab_3680593975513.pdf","C:\Users\Eudes\Downloads\PDFs\02 Saúde\Exames e análises\Resultado_Laboratorio Hemolab_3680593975513.pdf","02 Saúde\Exames e análises","Histórico de saúde","Movido"
"C:\Users\Eudes\Downloads\PDFs\Revista de Adolescentes_Professor_7_compressed.pdf","C:\Users\Eudes\Downloads\PDFs\08 Religião e leituras\Bíblia teologia e reflexões\Revista de Adolescentes_Professor_7_compressed.pdf","08 Religião e leituras\Bíblia teologia e reflexões","Material religioso","Movido"
"C:\Users\Eudes\Downloads\PDFs\Revista de Adolescentes_Professor_8_compressed.pdf","C:\Users\Eudes\Downloads\PDFs\08 Religião e leituras\Bíblia teologia e reflexões\Revista de Adolescentes_Professor_8_compressed.pdf","08 Religião e leituras\Bíblia teologia e reflexões","Material religioso","Movido"
"C:\Users\Eudes\Downloads\PDFs\Revista de Adolescentes_Professor_8.pdf","C:\Users\Eudes\Downloads\PDFs\08 Religião e leituras\Bíblia teologia e reflexões\Revista de Adolescentes_Professor_8.pdf","08 Religião e leituras\Bíblia teologia e reflexões","Material religioso","Movido"
"C:\Users\Eudes\Downloads\PDFs\RG - José Augusto Filho Vidal.pdf","C:\Users\Eudes\Downloads\PDFs\01 Pessoal\Identificação\RG - José Augusto Filho Vidal.pdf","01 Pessoal\Identificação","Documento de identificação","Movido"
"C:\Users\Eudes\Downloads\PDFs\RG civil frente.pdf","C:\Users\Eudes\Downloads\PDFs\01 Pessoal\Identificação\RG civil frente.pdf","01 Pessoal\Identificação","Documento de identificação","Movido"
"C:\Users\Eudes\Downloads\PDFs\RG Civil verso.pdf","C:\Users\Eudes\Downloads\PDFs\01 Pessoal\Identificação\RG Civil verso.pdf","01 Pessoal\Identificação","Documento de identificação","Movido"
"C:\Users\Eudes\Downloads\PDFs\RG FREITAS.pdf","C:\Users\Eudes\Downloads\PDFs\01 Pessoal\Identificação\RG FREITAS.pdf","01 Pessoal\Identificação","Documento de identificação","Movido"
"C:\Users\Eudes\Downloads\PDFs\RG M frente.pdf","C:\Users\Eudes\Downloads\PDFs\01 Pessoal\Identificação\RG M frente.pdf","01 Pessoal\Identificação","Documento de identificação","Movido"
"C:\Users\Eudes\Downloads\PDFs\RG M verso.pdf","C:\Users\Eudes\Downloads\PDFs\01 Pessoal\Identificação\RG M verso.pdf","01 Pessoal\Identificação","Documento de identificação","Movido"
"C:\Users\Eudes\Downloads\PDFs\Rg13555 (3).pdf","C:\Users\Eudes\Downloads\PDFs\01 Pessoal\Identificação\Rg13555 (3).pdf","01 Pessoal\Identificação","Documento de identificação","Movido"
"C:\Users\Eudes\Downloads\PDFs\Rg13555.pdf","C:\Users\Eudes\Downloads\PDFs\01 Pessoal\Identificação\Rg13555.pdf","01 Pessoal\Identificação","Documento de identificação","Movido"
"C:\Users\Eudes\Downloads\PDFs\Roteiro Modificado_CASAMENTO-CERIMONIAL  NETA.pdf","C:\Users\Eudes\Downloads\PDFs\01 Pessoal\Casamento e cerimônia\Roteiro Modificado_CASAMENTO-CERIMONIAL  NETA.pdf","01 Pessoal\Casamento e cerimônia","Material de casamento ou cerimônia","Movido"
"C:\Users\Eudes\Downloads\PDFs\salves1,+Gerente+da+revista,+5+-+33322-157757-1.pdf","C:\Users\Eudes\Downloads\PDFs\07 Estudos\Artigos e publicações - identificar tema\salves1,+Gerente+da+revista,+5+-+33322-157757-1.pdf","07 Estudos\Artigos e publicações - identificar tema","Publicação cujo assunto não está claro no nome","Movido"
"C:\Users\Eudes\Downloads\PDFs\Scan 07 dez. 23 · 09·29·39.pdf","C:\Users\Eudes\Downloads\PDFs\99 Revisar conteúdo\Digitalizações sem assunto no nome\Scan 07 dez. 23 · 09·29·39.pdf","99 Revisar conteúdo\Digitalizações sem assunto no nome","Não é possível inferir o assunto pelo nome","Movido"
"C:\Users\Eudes\Downloads\PDFs\segunda_via_COSERN (1).pdf","C:\Users\Eudes\Downloads\PDFs\03 Finanças\Contas de energia\segunda_via_COSERN (1).pdf","03 Finanças\Contas de energia","Conta de consumo; conferir pagamento e utilidade como comprovante","Movido"
"C:\Users\Eudes\Downloads\PDFs\segunda_via_COSERN.pdf","C:\Users\Eudes\Downloads\PDFs\03 Finanças\Contas de energia\segunda_via_COSERN.pdf","03 Finanças\Contas de energia","Conta de consumo; conferir pagamento e utilidade como comprovante","Movido"
"C:\Users\Eudes\Downloads\PDFs\SEI_00510056.000551_2024_90 (1)_compressed.pdf","C:\Users\Eudes\Downloads\PDFs\09 Trabalho\Processos SEI ofícios e relatórios\SEI_00510056.000551_2024_90 (1)_compressed.pdf","09 Trabalho\Processos SEI ofícios e relatórios","Documento administrativo SEI","Movido"
"C:\Users\Eudes\Downloads\PDFs\SEI_00510056.000551_2024_90 (1).pdf","C:\Users\Eudes\Downloads\PDFs\09 Trabalho\Processos SEI ofícios e relatórios\SEI_00510056.000551_2024_90 (1).pdf","09 Trabalho\Processos SEI ofícios e relatórios","Documento administrativo SEI","Movido"
"C:\Users\Eudes\Downloads\PDFs\SEI_00510056.000551_2024_90.pdf","C:\Users\Eudes\Downloads\PDFs\09 Trabalho\Processos SEI ofícios e relatórios\SEI_00510056.000551_2024_90.pdf","09 Trabalho\Processos SEI ofícios e relatórios","Documento administrativo SEI","Movido"
"C:\Users\Eudes\Downloads\PDFs\SEI_00510089.000378_2020_19.pdf","C:\Users\Eudes\Downloads\PDFs\09 Trabalho\Processos SEI ofícios e relatórios\SEI_00510089.000378_2020_19.pdf","09 Trabalho\Processos SEI ofícios e relatórios","Documento administrativo SEI","Movido"
"C:\Users\Eudes\Downloads\PDFs\SEI_00511047.000030_2024_12.pdf","C:\Users\Eudes\Downloads\PDFs\09 Trabalho\Processos SEI ofícios e relatórios\SEI_00511047.000030_2024_12.pdf","09 Trabalho\Processos SEI ofícios e relatórios","Documento administrativo SEI","Movido"
"C:\Users\Eudes\Downloads\PDFs\SEI_28410184_Declaracao Neta COPER.pdf","C:\Users\Eudes\Downloads\PDFs\09 Trabalho\Processos SEI ofícios e relatórios\SEI_28410184_Declaracao Neta COPER.pdf","09 Trabalho\Processos SEI ofícios e relatórios","Documento administrativo SEI","Movido"
"C:\Users\Eudes\Downloads\PDFs\SEI_28672084_Oficio_17.pdf","C:\Users\Eudes\Downloads\PDFs\09 Trabalho\Processos SEI ofícios e relatórios\SEI_28672084_Oficio_17.pdf","09 Trabalho\Processos SEI ofícios e relatórios","Documento administrativo SEI","Movido"
"C:\Users\Eudes\Downloads\PDFs\SEI_28700314_Declaracao.pdf","C:\Users\Eudes\Downloads\PDFs\09 Trabalho\Processos SEI ofícios e relatórios\SEI_28700314_Declaracao.pdf","09 Trabalho\Processos SEI ofícios e relatórios","Documento administrativo SEI","Movido"
"C:\Users\Eudes\Downloads\PDFs\SEI_29575768_Relatorio (2).pdf","C:\Users\Eudes\Downloads\PDFs\09 Trabalho\Processos SEI ofícios e relatórios\SEI_29575768_Relatorio (2).pdf","09 Trabalho\Processos SEI ofícios e relatórios","Documento administrativo SEI","Movido"
"C:\Users\Eudes\Downloads\PDFs\SEI_29575768_Relatorio.pdf","C:\Users\Eudes\Downloads\PDFs\09 Trabalho\Processos SEI ofícios e relatórios\SEI_29575768_Relatorio.pdf","09 Trabalho\Processos SEI ofícios e relatórios","Documento administrativo SEI","Movido"
"C:\Users\Eudes\Downloads\PDFs\SEI_35714419_Edital_14.pdf","C:\Users\Eudes\Downloads\PDFs\09 Trabalho\Processos SEI ofícios e relatórios\SEI_35714419_Edital_14.pdf","09 Trabalho\Processos SEI ofícios e relatórios","Documento administrativo SEI","Movido"
"C:\Users\Eudes\Downloads\PDFs\SEI_36541871_Termo_de_Retificacao_14.pdf","C:\Users\Eudes\Downloads\PDFs\09 Trabalho\Processos SEI ofícios e relatórios\SEI_36541871_Termo_de_Retificacao_14.pdf","09 Trabalho\Processos SEI ofícios e relatórios","Documento administrativo SEI","Movido"
"C:\Users\Eudes\Downloads\PDFs\SEI_36678834_Documento.pdf","C:\Users\Eudes\Downloads\PDFs\09 Trabalho\Processos SEI ofícios e relatórios\SEI_36678834_Documento.pdf","09 Trabalho\Processos SEI ofícios e relatórios","Documento administrativo SEI","Movido"
"C:\Users\Eudes\Downloads\PDFs\SEI_36701650_Documento.pdf","C:\Users\Eudes\Downloads\PDFs\09 Trabalho\Processos SEI ofícios e relatórios\SEI_36701650_Documento.pdf","09 Trabalho\Processos SEI ofícios e relatórios","Documento administrativo SEI","Movido"
"C:\Users\Eudes\Downloads\PDFs\SEI_40734857_Nota_Tecnica_2.pdf","C:\Users\Eudes\Downloads\PDFs\09 Trabalho\Processos SEI ofícios e relatórios\SEI_40734857_Nota_Tecnica_2.pdf","09 Trabalho\Processos SEI ofícios e relatórios","Documento administrativo SEI","Movido"
"C:\Users\Eudes\Downloads\PDFs\SEI_MJ - 17955774 - Termo de Referência.pdf","C:\Users\Eudes\Downloads\PDFs\09 Trabalho\Processos SEI ofícios e relatórios\SEI_MJ - 17955774 - Termo de Referência.pdf","09 Trabalho\Processos SEI ofícios e relatórios","Documento administrativo SEI","Movido"
"C:\Users\Eudes\Downloads\PDFs\SEI_SEARH - 11318433 - Ofício.pdf","C:\Users\Eudes\Downloads\PDFs\09 Trabalho\Processos SEI ofícios e relatórios\SEI_SEARH - 11318433 - Ofício.pdf","09 Trabalho\Processos SEI ofícios e relatórios","Documento administrativo SEI","Movido"
"C:\Users\Eudes\Downloads\PDFs\SEI_SEARH - 22711363 - Efetivo BM 01 para  cadastro Bolsa-formação.pdf","C:\Users\Eudes\Downloads\PDFs\09 Trabalho\Processos SEI ofícios e relatórios\SEI_SEARH - 22711363 - Efetivo BM 01 para  cadastro Bolsa-formação.pdf","09 Trabalho\Processos SEI ofícios e relatórios","Documento administrativo SEI","Movido"
"C:\Users\Eudes\Downloads\PDFs\Sem_titulo_10.pdf","C:\Users\Eudes\Downloads\PDFs\99 Revisar conteúdo\Nomes genéricos e códigos\Sem_titulo_10.pdf","99 Revisar conteúdo\Nomes genéricos e códigos","Não é possível inferir o assunto pelo nome","Movido"
"C:\Users\Eudes\Downloads\PDFs\SENTINELA_-_smart.pdf","C:\Users\Eudes\Downloads\PDFs\99 Revisar conteúdo\Assunto a confirmar\SENTINELA_-_smart.pdf","99 Revisar conteúdo\Assunto a confirmar","Nome insuficiente para classificação segura","Movido"
"C:\Users\Eudes\Downloads\PDFs\SESED - CIOSP 29-10-2022.pdf","C:\Users\Eudes\Downloads\PDFs\09 Trabalho\CIOSP SESED e pessoal\SESED - CIOSP 29-10-2022.pdf","09 Trabalho\CIOSP SESED e pessoal","Organização e atividade institucional","Movido"
"C:\Users\Eudes\Downloads\PDFs\Sinesp Segurança – Usuários.pdf","C:\Users\Eudes\Downloads\PDFs\09 Trabalho\CIOSP SESED e pessoal\Sinesp Segurança – Usuários.pdf","09 Trabalho\CIOSP SESED e pessoal","Organização e atividade institucional","Movido"
"C:\Users\Eudes\Downloads\PDFs\SINTESE DAS ALTERAÇÕES NOS RELATÓRIOS DE FEVEREIRO 2021.pdf","C:\Users\Eudes\Downloads\PDFs\09 Trabalho\Processos SEI ofícios e relatórios\SINTESE DAS ALTERAÇÕES NOS RELATÓRIOS DE FEVEREIRO 2021.pdf","09 Trabalho\Processos SEI ofícios e relatórios","Documento administrativo","Movido"
"C:\Users\Eudes\Downloads\PDFs\SKY Veste Você_Final.pdf","C:\Users\Eudes\Downloads\PDFs\99 Revisar conteúdo\Assunto a confirmar\SKY Veste Você_Final.pdf","99 Revisar conteúdo\Assunto a confirmar","Nome insuficiente para classificação segura","Movido"
"C:\Users\Eudes\Downloads\PDFs\SPINK_-_Inovao_na_perspectiva_dos_inovadores_-_2003.pdf","C:\Users\Eudes\Downloads\PDFs\07 Estudos\Gestão organizações e inovação\SPINK_-_Inovao_na_perspectiva_dos_inovadores_-_2003.pdf","07 Estudos\Gestão organizações e inovação","Tema de gestão e organizações","Movido"
"C:\Users\Eudes\Downloads\PDFs\TABELA ASSOFME UNIMED - 2025.pdf","C:\Users\Eudes\Downloads\PDFs\02 Saúde\Planos de saúde e contratos\TABELA ASSOFME UNIMED - 2025.pdf","02 Saúde\Planos de saúde e contratos","Plano de saúde ou contrato","Movido"
"C:\Users\Eudes\Downloads\PDFs\Talia_Relatorio_02.docx_-_Google_Docs_assinado.pdf","C:\Users\Eudes\Downloads\PDFs\99 Revisar conteúdo\Assunto a confirmar\Talia_Relatorio_02.docx_-_Google_Docs_assinado.pdf","99 Revisar conteúdo\Assunto a confirmar","Nome insuficiente para classificação segura","Movido"
"C:\Users\Eudes\Downloads\PDFs\TAREFA DO CURSO GESTÃO E ELABORAÇÃO DE PROJETOS INSTITUCIONAIS.pdf","C:\Users\Eudes\Downloads\PDFs\07 Estudos\Aulas atividades e formulários\TAREFA DO CURSO GESTÃO E ELABORAÇÃO DE PROJETOS INSTITUCIONAIS.pdf","07 Estudos\Aulas atividades e formulários","Material de curso ou atividade","Movido"
"C:\Users\Eudes\Downloads\PDFs\TCC_Envio_EUDES[3976]_comentado.pdf","C:\Users\Eudes\Downloads\PDFs\07 Estudos\TCC e metodologia científica\TCC_Envio_EUDES[3976]_comentado.pdf","07 Estudos\TCC e metodologia científica","Pesquisa e trabalho acadêmico","Movido"
"C:\Users\Eudes\Downloads\PDFs\TELEFONES_FUNCIONAIS_DOS_COMANDANTES_CHEFES E OFICIAIS_FISCAIS DE DIA.pdf","C:\Users\Eudes\Downloads\PDFs\09 Trabalho\CIOSP SESED e pessoal\TELEFONES_FUNCIONAIS_DOS_COMANDANTES_CHEFES E OFICIAIS_FISCAIS DE DIA.pdf","09 Trabalho\CIOSP SESED e pessoal","Organização e atividade institucional","Movido"
"C:\Users\Eudes\Downloads\PDFs\Termo de Declarações de ANA CAROLINA.pdf","C:\Users\Eudes\Downloads\PDFs\05 Jurídico\Contratos processos e procurações\Termo de Declarações de ANA CAROLINA.pdf","05 Jurídico\Contratos processos e procurações","Documento jurídico; preservar para análise","Movido"
"C:\Users\Eudes\Downloads\PDFs\TERMO DE DISTRATO EST-6858 EUDES DE FREITAS ALVES DE JESUS pdf-D4Sign (1).pdf","C:\Users\Eudes\Downloads\PDFs\05 Jurídico\Contratos processos e procurações\TERMO DE DISTRATO EST-6858 EUDES DE FREITAS ALVES DE JESUS pdf-D4Sign (1).pdf","05 Jurídico\Contratos processos e procurações","Documento jurídico; preservar para análise","Movido"
"C:\Users\Eudes\Downloads\PDFs\TERMO DE DISTRATO EST-6858 EUDES DE FREITAS ALVES DE JESUS pdf-D4Sign.pdf","C:\Users\Eudes\Downloads\PDFs\05 Jurídico\Contratos processos e procurações\TERMO DE DISTRATO EST-6858 EUDES DE FREITAS ALVES DE JESUS pdf-D4Sign.pdf","05 Jurídico\Contratos processos e procurações","Documento jurídico; preservar para análise","Movido"
"C:\Users\Eudes\Downloads\PDFs\The role of Knowledge Media in Network Education.pdf","C:\Users\Eudes\Downloads\PDFs\07 Estudos\Gestão do conhecimento\The role of Knowledge Media in Network Education.pdf","07 Estudos\Gestão do conhecimento","Tema de gestão do conhecimento","Movido"
"C:\Users\Eudes\Downloads\PDFs\THUMB 31012021 TAREFAS.pdf","C:\Users\Eudes\Downloads\PDFs\99 Revisar conteúdo\Assunto a confirmar\THUMB 31012021 TAREFAS.pdf","99 Revisar conteúdo\Assunto a confirmar","Nome insuficiente para classificação segura","Movido"
"C:\Users\Eudes\Downloads\PDFs\tickets-64d55131f5977f0b708bd2b5.pdf","C:\Users\Eudes\Downloads\PDFs\06 Viagens e eventos\Reservas e ingressos\Sugestão de descarte\tickets-64d55131f5977f0b708bd2b5.pdf","06 Viagens e eventos\Reservas e ingressos\Sugestão de descarte","Possível uso pontual: confirmar se a viagem ou evento já aconteceu","Movido"
"C:\Users\Eudes\Downloads\PDFs\Top-Dividendos-Rico_Agosto-2021.pdf","C:\Users\Eudes\Downloads\PDFs\03 Finanças\Análises e informes de mercado\Top-Dividendos-Rico_Agosto-2021.pdf","03 Finanças\Análises e informes de mercado","Informação de mercado de período específico","Movido"
"C:\Users\Eudes\Downloads\PDFs\TRABALHO ASSESSORIA DE COMUNICAÇÃO GRUPO 7.pdf","C:\Users\Eudes\Downloads\PDFs\09 Trabalho\Consultoria e comunicação\TRABALHO ASSESSORIA DE COMUNICAÇÃO GRUPO 7.pdf","09 Trabalho\Consultoria e comunicação","Material profissional","Movido"
"C:\Users\Eudes\Downloads\PDFs\TRABALHO_MODELO_DE_ESTRUTURA.pdf","C:\Users\Eudes\Downloads\PDFs\07 Estudos\Aulas atividades e formulários\TRABALHO_MODELO_DE_ESTRUTURA.pdf","07 Estudos\Aulas atividades e formulários","Material de curso ou atividade","Movido"
"C:\Users\Eudes\Downloads\PDFs\Uma introdução à pesquisa qualitativa by Uwe Flick (z-lib.org).pdf","C:\Users\Eudes\Downloads\PDFs\07 Estudos\TCC e metodologia científica\Uma introdução à pesquisa qualitativa by Uwe Flick (z-lib.org).pdf","07 Estudos\TCC e metodologia científica","Pesquisa e trabalho acadêmico","Movido"
"C:\Users\Eudes\Downloads\PDFs\Unidade_3_-_Governana_e_Inovao_-_Noturno_.pdf","C:\Users\Eudes\Downloads\PDFs\07 Estudos\Gestão organizações e inovação\Unidade_3_-_Governana_e_Inovao_-_Noturno_.pdf","07 Estudos\Gestão organizações e inovação","Tema de gestão e organizações","Movido"
"C:\Users\Eudes\Downloads\PDFs\UNIVERSIDADE_FEDERAL_DE_GOIAS_CAMPUS_CAT.pdf","C:\Users\Eudes\Downloads\PDFs\07 Estudos\Aulas atividades e formulários\UNIVERSIDADE_FEDERAL_DE_GOIAS_CAMPUS_CAT.pdf","07 Estudos\Aulas atividades e formulários","Material de curso ou atividade","Movido"
"C:\Users\Eudes\Downloads\PDFs\v17n1a06 - Estudo CSP.pdf","C:\Users\Eudes\Downloads\PDFs\07 Estudos\Artigos e publicações - identificar tema\v17n1a06 - Estudo CSP.pdf","07 Estudos\Artigos e publicações - identificar tema","Publicação cujo assunto não está claro no nome","Movido"
"C:\Users\Eudes\Downloads\PDFs\Validacao da vistiria-Eudes.pdf","C:\Users\Eudes\Downloads\PDFs\04 Veículos e imóveis\Imóveis e vistorias\Validacao da vistiria-Eudes.pdf","04 Veículos e imóveis\Imóveis e vistorias","Documento relacionado a imóvel ou vistoria","Movido"
"C:\Users\Eudes\Downloads\PDFs\Validacao_da_vistiria-Eudes_assinado.pdf","C:\Users\Eudes\Downloads\PDFs\04 Veículos e imóveis\Imóveis e vistorias\Validacao_da_vistiria-Eudes_assinado.pdf","04 Veículos e imóveis\Imóveis e vistorias","Documento relacionado a imóvel ou vistoria","Movido"
"C:\Users\Eudes\Downloads\PDFs\Validado.pdf","C:\Users\Eudes\Downloads\PDFs\99 Revisar conteúdo\Assunto a confirmar\Validado.pdf","99 Revisar conteúdo\Assunto a confirmar","Nome insuficiente para classificação segura","Movido"
"C:\Users\Eudes\Downloads\PDFs\Vários objetos_Coolers_FreeWay01.pdf","C:\Users\Eudes\Downloads\PDFs\06 Viagens e eventos\Cotações e ofertas\Sugestão de descarte\Vários objetos_Coolers_FreeWay01.pdf","06 Viagens e eventos\Cotações e ofertas\Sugestão de descarte","Cotação ou oferta: conferir se ainda está em uso","Movido"
"C:\Users\Eudes\Downloads\PDFs\VERSÃO FINAL MANUAL_DE_ORIENTACAO_DE_TRABALHO_DE_CONCLUSAO_DE_CURSO_2023 (1).pdf","C:\Users\Eudes\Downloads\PDFs\07 Estudos\Aulas atividades e formulários\VERSÃO FINAL MANUAL_DE_ORIENTACAO_DE_TRABALHO_DE_CONCLUSAO_DE_CURSO_2023 (1).pdf","07 Estudos\Aulas atividades e formulários","Material de curso ou atividade","Movido"
"C:\Users\Eudes\Downloads\PDFs\VERSÃO FINAL MANUAL_DE_ORIENTACAO_DE_TRABALHO_DE_CONCLUSAO_DE_CURSO_2023.pdf","C:\Users\Eudes\Downloads\PDFs\07 Estudos\Aulas atividades e formulários\VERSÃO FINAL MANUAL_DE_ORIENTACAO_DE_TRABALHO_DE_CONCLUSAO_DE_CURSO_2023.pdf","07 Estudos\Aulas atividades e formulários","Material de curso ou atividade","Movido"
"C:\Users\Eudes\Downloads\PDFs\voucher_eudes_1.pdf","C:\Users\Eudes\Downloads\PDFs\06 Viagens e eventos\Reservas e ingressos\Sugestão de descarte\voucher_eudes_1.pdf","06 Viagens e eventos\Reservas e ingressos\Sugestão de descarte","Possível uso pontual: confirmar se a viagem ou evento já aconteceu","Movido"
"C:\Users\Eudes\Downloads\PDFs\voucher_eudes_4.pdf","C:\Users\Eudes\Downloads\PDFs\06 Viagens e eventos\Reservas e ingressos\Sugestão de descarte\voucher_eudes_4.pdf","06 Viagens e eventos\Reservas e ingressos\Sugestão de descarte","Possível uso pontual: confirmar se a viagem ou evento já aconteceu","Movido"
"C:\Users\Eudes\Downloads\PDFs\voucher_eudes_5.pdf","C:\Users\Eudes\Downloads\PDFs\06 Viagens e eventos\Reservas e ingressos\Sugestão de descarte\voucher_eudes_5.pdf","06 Viagens e eventos\Reservas e ingressos\Sugestão de descarte","Possível uso pontual: confirmar se a viagem ou evento já aconteceu","Movido"
"C:\Users\Eudes\Downloads\PDFs\Word.pdf","C:\Users\Eudes\Downloads\PDFs\99 Revisar conteúdo\Nomes genéricos e códigos\Word.pdf","99 Revisar conteúdo\Nomes genéricos e códigos","Não é possível inferir o assunto pelo nome","Movido"
"C:\Users\Eudes\Downloads\PDFs\XP Day Trade 2020.pdf","C:\Users\Eudes\Downloads\PDFs\03 Finanças\Bolsa - notas e operações\XP Day Trade 2020.pdf","03 Finanças\Bolsa - notas e operações","Operações e notas de investimentos","Movido"
"C:\Users\Eudes\Downloads\PDFs\XP Informe de Rendimentos 2020.pdf","C:\Users\Eudes\Downloads\PDFs\03 Finanças\Imposto de renda e rendimentos\XP Informe de Rendimentos 2020.pdf","03 Finanças\Imposto de renda e rendimentos","Documento fiscal; nome não basta para sugerir descarte","Movido"
"C:\Users\Eudes\Downloads\PDFs\XP Informe de Rendimentos 2023.pdf","C:\Users\Eudes\Downloads\PDFs\03 Finanças\Imposto de renda e rendimentos\XP Informe de Rendimentos 2023.pdf","03 Finanças\Imposto de renda e rendimentos","Documento fiscal; nome não basta para sugerir descarte","Movido"
"C:\Users\Eudes\Downloads\PDFs\XP Operações Normais 2019 (1).pdf","C:\Users\Eudes\Downloads\PDFs\03 Finanças\Bolsa - notas e operações\XP Operações Normais 2019 (1).pdf","03 Finanças\Bolsa - notas e operações","Operações e notas de investimentos","Movido"
